-- fix missing creature_model_info for maldraxxus

REPLACE INTO `creature_model_info` (`DisplayID`, `BoundingRadius`, `CombatReach`, `DisplayID_Other_Gender`, `VerifiedBuild`) VALUES
(97029, 0.524785518646240234, 0, 0, 37474),
(73366, 0.305999994277954101, 1.5, 0, 37474),
(93596, 1.888888955116271972, 2, 0, 37474),
(93593, 2.361111164093017578, 2.5, 0, 37474),
(96329, 0.767800033092498779, 3.300000190734863281, 0, 37474),
(96747, 2.083333253860473632, 1, 0, 37474),
(94141, 1.477064967155456542, 1.25, 0, 37474),
(93584, 1.888888955116271972, 2, 0, 37474),
(96331, 0.381944209337234497, 1.65000009536743164, 0, 37474),
(81646, 1.738922834396362304, 4.76100015640258789, 0, 37474),
(98220, 0.176119178533554077, 15, 0, 37474),
(94665, 0.347222000360488891, 1.5, 0, 37474),
(94655, 1, 1.5, 0, 37474),
(94586, 1.167062759399414062, 1, 0, 37474),
(80015, 0.435065627098083496, 0, 0, 37474),
(99162, 2.083333253860473632, 1, 0, 37474),
(100398, 2.083333253860473632, 1, 0, 37474),
(98196, 0.561664044857025146, 1.80000007152557373, 0, 37474),
(93591, 1.888888955116271972, 2, 0, 37474),
(95194, 0.573607325553894042, 2.729999780654907226, 0, 37474),
(94286, 1.057675361633300781, 1.20000004768371582, 0, 37474),
(94472, 0.881396055221557617, 1, 0, 37474),
(99156, 0.445083051919937133, 1.80000007152557373, 0, 37474),
(92900, 0.322397828102111816, 0, 0, 37474),
(90260, 0.228800013661384582, 1.65000009536743164, 0, 37474),
(93578, 1.888888955116271972, 2, 0, 37474),
(93577, 1.888888955116271972, 2, 0, 37474),
(92385, 0.5, 1, 0, 37474),
(97936, 1.888888955116271972, 2, 0, 37474),
(92399, 3.468535423278808593, 3, 0, 37474),
(94491, 2.083333253860473632, 1, 0, 37474),
(94613, 2.083333253860473632, 1, 0, 37474),
(27153, 0.413100004196166992, 2.02500009536743164, 0, 37474),
(94020, 2.083333253860473632, 1, 0, 37474),
(96225, 1.258994579315185546, 2.25, 0, 37474),
(11709, 0.138684809207916259, 0.5, 0, 37474),
(96860, 2.153142213821411132, 2.25, 0, 37474),
(97972, 2.583770751953125, 2.70000004768371582, 0, 37474),
(97979, 1.21924448013305664, 4.095000267028808593, 0, 37474),
(97974, 2.153142213821411132, 2.25, 0, 37474),
(97984, 1.846103906631469726, 1.949999928474426269, 0, 37474),
(96452, 3.157928705215454101, 4.800000190734863281, 0, 37474),
(97967, 0.880216360092163085, 1.80000007152557373, 0, 37474),
(93242, 1.725612401962280273, 3.75, 0, 37474),
(97973, 2.153142213821411132, 2.25, 0, 37474),
(97980, 1.846103906631469726, 1.949999928474426269, 0, 37474),
(94426, 0.592886686325073242, 2.5, 0, 37474),
(97975, 5.515415668487548828, 8, 0, 37474),
(94926, 4.136561870574951171, 6, 0, 37474),
(94929, 4.136561870574951171, 6, 0, 37474),
(97970, 0.839329779148101806, 1.5, 0, 37474),
(70084, 3.316092491149902343, 5.399999618530273437, 0, 37474),
(97983, 1.988111853599548339, 2.099999904632568359, 0, 37474),
(96471, 1.762259364128112792, 3.899999856948852539, 0, 37474),
(97971, 0.839329779148101806, 1.5, 0, 37474),
(97977, 1.045066714286804199, 3.510000228881835937, 0, 37474),
(97969, 0.699441432952880859, 1.25, 0, 37474),
(97982, 1.846103906631469726, 1.949999928474426269, 0, 37474),
(97978, 1.132155537605285644, 3.802500247955322265, 0, 37474),
(95377, 1.420079946517944335, 1.5, 0, 37474),
(95390, 1.917107939720153808, 2.02500009536743164, 0, 37474),
(80030, 1.548884153366088867, 0.75, 0, 37474),
(95597, 1.045066714286804199, 3.510000228881835937, 0, 37474),
(38548, 0.5, 1.5, 0, 37474),
(95986, 0.880216360092163085, 1.80000007152557373, 0, 37474),
(96253, 0.909273803234100341, 1.625, 0, 37474),
(70086, 2.94763803482055664, 4.800000190734863281, 0, 37474),
(97447, 2.033376216888427734, 4.5, 0, 37474),
(96544, 2.033376216888427734, 4.5, 0, 37474),
(76384, 0.658289492130279541, 0.625, 0, 37474),
(96060, 0.699441432952880859, 1.25, 0, 37474),
(97896, 1.737355947494506835, 2.519999980926513671, 0, 37474),
(98662, 1.175700068473815917, 3.948750257492065429, 0, 37474),
(95590, 1.420079946517944335, 1.5, 0, 37474),
(98661, 2.108818769454956054, 2.227499961853027343, 0, 37474),
(95943, 1.846103906631469726, 1.949999928474426269, 0, 37474),
(46710, 0.5, 1, 0, 37474),
(40678, 0.200000002980232238, 2, 0, 37474),
(96444, 0.699441432952880859, 1.25, 0, 37474),
(98184, 0.696711122989654541, 2.340000152587890625, 0, 37474),
(99515, 1.091128706932067871, 1.95000004768371582, 0, 37474),
(99843, 1.363276839256286621, 1.440000057220458984, 0, 37474),
(99524, 3.266869306564331054, 3.520000219345092773, 0, 37474),
(99514, 1.136592388153076171, 2.03125, 0, 37474),
(99520, 1.138904213905334472, 2.474999904632568359, 0, 37474),
(94718, 0.428399980068206787, 2.099999904632568359, 0, 37474),
(96138, 1.998212099075317382, 3, 0, 37474),
(97877, 0.923262715339660644, 1.65000009536743164, 0, 37474),
(96443, 0.354000002145767211, 2.25, 0, 37474),
(99516, 1.304170966148376464, 2.099999904632568359, 0, 37474),
(95231, 0.733513593673706054, 1.5, 0, 37474),
(96072, 2.153142213821411132, 2.25, 0, 37474),
(94122, 0.880216360092163085, 1.80000007152557373, 0, 37474),
(98077, 0.836053371429443359, 2.808000087738037109, 0, 37474),
(95991, 0.696837902069091796, 1.424999952316284179, 0, 37474),
(96102, 1.049162149429321289, 1.875, 0, 37474),
(96889, 3, 2, 0, 37474),
(96201, 0.839329779148101806, 1.5, 0, 37474),
(70087, 3.68454742431640625, 6, 0, 37474),
(100073, 0.733513593673706054, 1.5, 0, 37474),
(32962, 0.800000011920928955, 6.40000009536743164, 0, 37474),
(100384, 0.030000001192092895, 0.300000011920928955, 0, 37474),
(28619, 2, 3, 0, 37474),
(32019, 1, 1.5, 0, 37474),
(69316, 0.349999994039535522, 1, 0, 37474),
(97175, 3, 1.5, 0, 37474),
(97477, 5.516908645629882812, 3.75, 0, 37474),
(95790, 2.022866487503051757, 1.375, 0, 37474),
(93547, 6.026553630828857421, 8, 0, 37474),
(91656, 2.574557304382324218, 1.399999976158142089, 0, 37474),
(94526, 0.80686497688293457, 1.65000009536743164, 0, 37474),
(100459, 0.697031497955322265, 1.875, 0, 37474),
(96241, 1.902467727661132812, 3, 0, 37474),
(97469, 0.880216360092163085, 1.80000007152557373, 0, 37474),
(97424, 0.734413444995880126, 1.3125, 0, 37474),
(97388, 0.9576568603515625, 1.20000004768371582, 0, 37474),
(97425, 0.734413444995880126, 1.3125, 0, 37474),
(95641, 1.420079946517944335, 1.5, 0, 37474),
(64471, 0.619832873344421386, 0, 0, 37474),
(98074, 0.300000011920928955, 0.720000028610229492, 0, 37474),
(96552, 1.024705886840820312, 1.65000009536743164, 0, 37474),
(95653, 4.848840236663818359, 0, 0, 37474),
(96543, 0.699441432952880859, 1.25, 0, 37474),
(96551, 0.769385576248168945, 1.375, 0, 37474),
(96118, 2.940182209014892578, 3.167999982833862304, 0, 37474),
(96251, 0.699441432952880859, 1.25, 0, 37474),
(95687, 0.994055926799774169, 1.049999952316284179, 0, 37474),
(96893, 0.503912866115570068, 1.60000002384185791, 0, 37474),
(97968, 0.880216360092163085, 1.80000007152557373, 0, 37474),
(95384, 1.136063933372497558, 1.20000004768371582, 0, 37474),
(94812, 29.16666603088378906, 12.25, 0, 37474),
(98697, 0.733513593673706054, 1.5, 0, 37474),
(96897, 0.944836556911468505, 3, 0, 37474),
(94925, 5.515415668487548828, 8, 0, 37474),
(60930, 0.157184064388275146, 0, 0, 37474),
(95576, 0.188000008463859558, 0.800000011920928955, 0, 37474),
(95575, 0.295654356479644775, 0, 0, 37474),
(95570, 1.249670386314392089, 1.320000052452087402, 0, 37474),
(95950, 0.696711122989654541, 2.340000152587890625, 0, 37474),
(95951, 1.136063933372497558, 1.20000004768371582, 0, 37474),
(97665, 5.266252040863037109, 3.20000004768371582, 0, 37474),
(95704, 1.328870058059692382, 1.125, 0, 37474),
(95546, 0.965654373168945312, 1.019999980926513671, 0, 37474),
(94707, 0.100000001490116119, 1, 0, 37474),
(95516, 1, 1, 0, 37474),
(94185, 6.104961872100830078, 6.577999591827392578, 0, 37474),
(96193, 0.839329779148101806, 1.5, 0, 37474),
(97587, 0.696711122989654541, 2.340000152587890625, 0, 37474),
(94782, 0.769385576248168945, 1.375, 0, 37474),
(94786, 0.686231195926666259, 0.85000002384185791, 0, 37474),
(96189, 0.699441432952880859, 1.25, 0, 37474),
(27710, 3.829554557800292968, 2.625, 0, 37474),
(96752, 5.266252040863037109, 4, 0, 37474),
(96223, 2.368456363677978515, 2.47500014305114746, 0, 37474),
(88566, 1.065270185470581054, 1.5, 0, 37474),
(94490, 1.513660192489624023, 1.80000007152557373, 0, 37474),
(96931, 0.770752668380737304, 3.25, 0, 37474),
(94487, 0.480000019073486328, 1.20000004768371582, 0, 37474),
(96930, 0.948618710041046142, 4, 0, 37474),
(92876, 0.80699998140335083, 2.20000004768371582, 0, 37474),
(59245, 0.310000002384185791, 1, 0, 37474),
(92725, 1, 2, 0, 37474),
(96645, 1.390750408172607421, 0.900000035762786865, 0, 37474),
(93939, 2.654331207275390625, 2.859999895095825195, 0, 37474),
(95835, 2.388898134231567382, 2.573999881744384765, 0, 37474),
(94044, 2.654331207275390625, 2.859999895095825195, 0, 37474),
(94075, 0.765672504901885986, 0.82500004768371582, 0, 37474),
(94146, 7.044186592102050781, 7.589999675750732421, 0, 37474),
(96437, 9.392249107360839843, 10.11999988555908203, 0, 37474),
(96899, 0.755869269371032714, 2.40000009536743164, 0, 37474),
(97123, 12.25076007843017578, 13.20000076293945312, 0, 37474),
(96754, 0.839329779148101806, 1.5, 0, 37474),
(45494, 0.5, 1, 0, 37474),
(94473, 10.78661727905273437, 19.80000114440917968, 0, 37474),
(39810, 0.5, 1, 0, 37474),
(93909, 1.120380282402038574, 0.960000038146972656, 0, 37474),
(80027, 3.097768306732177734, 1.5, 0, 37474),
(13609, 0.450000017881393432, 0.75, 0, 37474),
(97119, 5.104483604431152343, 5.5, 0, 37474),
(97122, 5.104483604431152343, 5.5, 0, 37474),
(97005, 0.892200291156768798, 2.40000009536743164, 0, 37474),
(97380, 1.937827825546264648, 2.024999856948852539, 0, 37474),
(96784, 12.05310726165771484, 16, 0, 37474),
(96577, 0.577264070510864257, 0, 0, 37474),
(97006, 1.100270390510559082, 2.25, 0, 37474),
(94131, 0.528530061244964599, 0.800000011920928955, 0, 37474),
(94175, 0.528530061244964599, 0.800000011920928955, 0, 37474),
(96464, 1.354613304138183593, 1.5, 0, 37474),
(95637, 1.5, 0, 0, 37474),
(92192, 0.911385178565979003, 2, 0, 37474),
(92534, 1.266006827354431152, 1.5, 0, 37474),
(92191, 0.911385178565979003, 2, 0, 37474),
(94833, 0.93155074119567871, 1.5, 0, 37474),
(95647, 14.08837318420410156, 15.17999935150146484, 0, 37474),
(95987, 0.880216360092163085, 1.80000007152557373, 0, 37474),
(94136, 0.514313220977783203, 0.800000011920928955, 0, 37474),
(94106, 0.514313220977783203, 0.800000011920928955, 0, 37474),
(96984, 0.839329779148101806, 1.5, 0, 37474),
(95550, 0.733513593673706054, 1.5, 0, 37474),
(92915, 0.577264070510864257, 0, 0, 37474),
(91896, 0.577264070510864257, 0, 0, 37474),
(95783, 2.63054203987121582, 4, 0, 37474),
(94422, 2.654331207275390625, 2.859999895095825195, 0, 37474),
(94240, 3.266869306564331054, 3.520000219345092773, 0, 37474),
(45512, 0.5, 2.5, 0, 37474),
(96441, 7.35045623779296875, 7.920000553131103515, 0, 37474),
(31844, 0.150000005960464477, 1.5, 0, 37474),
(96252, 0.699441432952880859, 1.25, 0, 37474),
(96292, 4.716542720794677734, 5.081999778747558593, 0, 37474),
(95969, 0.870888888835906982, 2.925000190734863281, 0, 37474),
(95946, 0.957977771759033203, 3.217499971389770507, 0, 37474),
(95571, 1.420079946517944335, 1.5, 0, 37474),
(94177, 4.491945266723632812, 4.840000152587890625, 0, 37474),
(94243, 2.919764280319213867, 3.145999908447265625, 0, 37474),
(94763, 1.024705886840820312, 1.65000009536743164, 0, 37474),
(94283, 4.491945266723632812, 4.840000152587890625, 0, 37474),
(83615, 0.430306047201156616, 1.20000004768371582, 0, 37474),
(100493, 0.769385576248168945, 1.375, 0, 37474),
(94241, 2.919764280319213867, 3.145999908447265625, 0, 37474),
(94450, 4.491945266723632812, 4.840000152587890625, 0, 37474),
(94933, 1.72378242015838623, 2.160000085830688476, 0, 37474),
(94764, 0.93155074119567871, 1.5, 0, 37474),
(94759, 1.024705886840820312, 1.65000009536743164, 0, 37474),
(96466, 1.626700997352600097, 1.80000007152557373, 0, 37474),
(95327, 1.197071075439453125, 1.5, 0, 37474),
(96489, 0.839329779148101806, 1.5, 0, 37474),
(95738, 2.654331207275390625, 2.859999895095825195, 0, 37474),
(99135, 0.524785518646240234, 0, 0, 37474),
(99140, 1.458828449249267578, 1.25, 0, 37474),
(99521, 0.655981898307800292, 0, 0, 37474),
(97176, 7.044186592102050781, 7.589999675750732421, 0, 37474),
(95817, 0.450024068355560302, 0.699999988079071044, 0, 37474),
(96396, 0.524785518646240234, 0, 0, 37474),
(96898, 0.629891037940979003, 2, 0, 37474),
(95739, 2.654331207275390625, 2.859999895095825195, 0, 37474),
(95839, 12.25076007843017578, 13.20000076293945312, 0, 37474),
(96772, 5.266252040863037109, 4, 0, 37474),
(62719, 0.25, 50, 0, 37474),
(7572, 0.375, 0.625, 0, 37474),
(45887, 0.375, 0.625, 0, 37474),
(7899, 1.125, 1.875, 0, 37474),
(15963, 1.125, 1.875, 0, 37474),
(94056, 2.138610363006591796, 2.5, 0, 37474),
(94900, 0.85123300552368164, 0, 0, 37474),
(94402, 5.566199302673339843, 5.625, 0, 37474),
(99905, 2.721253156661987304, 4.40000009536743164, 0, 37474),
(94227, 1.710888266563415527, 2, 0, 37474),
(99910, 0.49652177095413208, 0.337500005960464477, 0, 37474),
(96271, 2.63054203987121582, 4, 0, 37474),
(96946, 1.231191396713256835, 0, 0, 37474);

REPLACE INTO `creature_model_info` (`DisplayID`, `BoundingRadius`, `CombatReach`, `DisplayID_Other_Gender`, `VerifiedBuild`) VALUES
(94384, 0.816717326641082763, 0.880000054836273193, 0, 37474),
(94404, 0.69537520408630371, 0.450000017881393432, 0, 37474),
(94405, 0.69537520408630371, 0.450000017881393432, 0, 37474),
(95781, 2.63054203987121582, 4, 0, 37474),
(80021, 1.239107370376586914, 0.60000002384185791, 0, 37474),
(100155, 1.103381752967834472, 0.75, 0, 37474),
(93933, 0.80686497688293457, 1.65000009536743164, 0, 37474),
(94407, 0.69537520408630371, 0.450000017881393432, 0, 37474),
(95762, 1.771826744079589843, 1.5, 0, 37474),
(96553, 0.67146378755569458, 1.20000004768371582, 0, 37474),
(97072, 0.769385576248168945, 1.375, 0, 37474),
(98003, 5.759963035583496093, 4.375, 0, 37474),
(96185, 3.156650543212890625, 8.400000572204589843, 0, 37474),
(96183, 0.699441432952880859, 1.25, 0, 37474),
(94924, 3.585020065307617187, 5.199999809265136718, 0, 37474),
(95818, 2.211852788925170898, 2.10000014305114746, 0, 37474),
(76383, 0.44763687252998352, 0.425000011920928955, 0, 37474),
(94039, 4.472948074340820312, 1.5, 0, 37474),
(94916, 3.447134733200073242, 5, 0, 37474),
(95784, 2.63054203987121582, 4, 0, 37474),
(96876, 1.843210577964782714, 1.75, 0, 37474),
(96999, 0.631957948207855224, 0.60000002384185791, 0, 37474),
(95804, 1.158589482307434082, 1.10000002384185791, 0, 37474),
(80031, 1.548884153366088867, 0.75, 0, 37474),
(97076, 1.843210577964782714, 1.75, 0, 37474),
(95787, 0.551690876483917236, 0.375, 0, 37474),
(97325, 2.63054203987121582, 4, 0, 37474),
(96272, 4.130357742309570312, 2, 0, 37474),
(95478, 0.733513593673706054, 1.5, 0, 37474),
(88004, 0.091800004243850708, 0, 0, 37474),
(97399, 0.549277186393737792, 0.1875, 0, 37474),
(98244, 0.305999994277954101, 1.5, 0, 37474),
(73697, 0.377911239862442016, 0, 0, 37474),
(7571, 0.450000017881393432, 0.75, 0, 37474),
(95768, 1.771826744079589843, 1.5, 0, 37474),
(99010, 0.923262715339660644, 1.65000009536743164, 0, 37474),
(96202, 0.839329779148101806, 1.5, 0, 37474),
(95796, 1.949009418487548828, 1.65000009536743164, 0, 37474),
(96597, 1.771826744079589843, 1.5, 0, 37474),
(95848, 1.771826744079589843, 1.5, 0, 37474),
(95826, 1.771826744079589843, 1.5, 0, 37474),
(97964, 2.583770751953125, 2.70000004768371582, 0, 37474),
(95990, 0.733513593673706054, 1.5, 0, 37474),
(95638, 1.056259632110595703, 2.160000085830688476, 0, 37474),
(97653, 5.273061275482177734, 1.80000007152557373, 0, 37474),
(95654, 0.75, 0, 0, 37474),
(95996, 0.733513593673706054, 1.5, 0, 37474),
(95993, 0.770189225673675537, 1.574999928474426269, 0, 37474),
(97464, 1.902467727661132812, 3, 0, 37474),
(96589, 1.468744635581970214, 4, 0, 37474),
(95785, 0.275845438241958618, 0.1875, 0, 37474),
(75044, 0.077500000596046447, 0.25, 0, 37474),
(97656, 1.098554372787475585, 0.375, 0, 37474),
(97465, 20, 8.400000572204589843, 0, 37474),
(99929, 0.659132659435272216, 0.225000008940696716, 0, 37474),
(95793, 2.758454084396362304, 1.874999761581420898, 0, 37474),
(94090, 0.733513593673706054, 1.5, 0, 37474),
(38189, 0.305999994277954101, 0, 0, 37474),
(96786, 10.84779644012451171, 14.39999961853027343, 0, 37474),
(97652, 4.394217491149902343, 1.5, 0, 37474),
(97657, 4.394217491149902343, 1.5, 0, 37474),
(83604, 1.183341622352600097, 3.300000190734863281, 0, 37474),
(95789, 0.919484734535217285, 0.625, 0, 37474),
(94992, 0.733513593673706054, 1.5, 0, 37474),
(83594, 1.183341622352600097, 3.300000190734863281, 0, 37474),
(83597, 1.183341622352600097, 3.300000190734863281, 0, 37474),
(97655, 3.07595229148864746, 1.049999952316284179, 0, 37474),
(97654, 3.07595229148864746, 1.049999952316284179, 0, 37474),
(96243, 1.268311858177185058, 2, 0, 37474),
(96641, 2.536623716354370117, 4, 0, 37474),
(94921, 3.033478736877441406, 4.40000009536743164, 0, 37474),
(59546, 0.286011546850204467, 0.150000005960464477, 0, 37474),
(61550, 0.286011546850204467, 0.150000005960464477, 0, 37474),
(94155, 4.5, 9, 0, 37474),
(96131, 0.615508496761322021, 1.10000002384185791, 0, 37474),
(94867, 2.757707834243774414, 4, 0, 37474),
(96239, 0.760987162590026855, 1.20000004768371582, 0, 37474),
(96244, 0.88781827688217163, 1.399999976158142089, 0, 37474),
(96132, 0.615508496761322021, 1.10000002384185791, 0, 37474),
(96635, 0.606859982013702392, 0.412499994039535522, 0, 37474),
(15983, 0.150000005960464477, 0.25, 0, 37474),
(97323, 3.261872053146362304, 4.960000038146972656, 0, 37474),
(80245, 0.150000005960464477, 0.25, 0, 37474),
(94913, 4.963873863220214843, 7.199999809265136718, 0, 37474),
(96200, 0.699441432952880859, 1.25, 0, 37474),
(95483, 1.760997176170349121, 1.949999928474426269, 0, 37474),
(94922, 5.239645004272460937, 7.599999904632568359, 0, 37474),
(97322, 2.63054203987121582, 4, 0, 37474),
(96821, 2.63054203987121582, 4, 0, 37474),
(96462, 1.354613304138183593, 1.5, 0, 37474),
(94905, 1.737355947494506835, 2.519999980926513671, 0, 37474),
(96445, 0.699441432952880859, 1.25, 0, 37474),
(97412, 0.870888888835906982, 2.925000190734863281, 0, 37474),
(97853, 2.022901773452758789, 1.80000007152557373, 0, 37474),
(43178, 0.5, 0, 0, 37474),
(94927, 4.136561870574951171, 6, 0, 37474),
(96447, 0.699441432952880859, 1.25, 0, 37474),
(98462, 0.063000001013278961, 0.270000010728836059, 0, 37474),
(96116, 0.755396783351898193, 1.35000002384185791, 0, 37474),
(95394, 1.420079946517944335, 1.5, 0, 37474),
(95815, 5.515415668487548828, 8, 0, 37474),
(95962, 1.136063933372497558, 1.20000004768371582, 0, 37474),
(94440, 3.185197830200195312, 3.432000160217285156, 0, 37474),
(98581, 11.31993293762207031, 22, 0, 37474),
(96787, 12.05310726165771484, 16, 0, 37474),
(95994, 0.733513593673706054, 1.5, 0, 37474),
(95944, 0.870888888835906982, 2.925000190734863281, 0, 37474),
(94834, 0.93155074119567871, 1.5, 0, 37474),
(93594, 2.455555438995361328, 2.599999904632568359, 0, 37474),
(94245, 2.654331207275390625, 2.859999895095825195, 0, 37474),
(94145, 0.880216360092163085, 1.80000007152557373, 0, 37474),
(95959, 1.136063933372497558, 1.20000004768371582, 0, 37474),
(95957, 1.136063933372497558, 1.20000004768371582, 0, 37474),
(95788, 0.919484734535217285, 0.625, 0, 37474),
(98584, 1.306333422660827636, 4.387500286102294921, 0, 37474),
(95385, 1.136063933372497558, 1.20000004768371582, 0, 37474),
(96188, 0.699441432952880859, 1.25, 0, 37474),
(96461, 1.354613304138183593, 1.5, 0, 37474),
(95379, 2.300529718399047851, 2.43000030517578125, 0, 37474),
(98197, 0.629497289657592773, 1.125, 0, 37474),
(98582, 14.55522918701171875, 14.99999904632568359, 0, 37474),
(95386, 1.136063933372497558, 1.20000004768371582, 0, 37474),
(95011, 0.93155074119567871, 1.5, 0, 37474),
(96446, 0.699441432952880859, 1.25, 0, 37474),
(96467, 1.626700997352600097, 1.80000007152557373, 0, 37474),
(96208, 0.699441432952880859, 1.25, 0, 37474),
(95769, 0.733513593673706054, 1.5, 0, 37474),
(95387, 1.917107939720153808, 2.02500009536743164, 0, 37474),
(9906, 0.150000005960464477, 0.25, 0, 37474),
(95961, 1.136063933372497558, 1.20000004768371582, 0, 37474),
(95968, 0.557368874549865722, 1.871999979019165039, 0, 37474),
(94055, 0.733513593673706054, 1.5, 0, 37474),
(96211, 0.769385576248168945, 1.375, 0, 37474),
(96135, 1.007195711135864257, 1.80000007152557373, 0, 37474),
(98164, 2.073081254959106445, 7.839999675750732421, 0, 37474),
(97894, 4.963873863220214843, 7.199999809265136718, 0, 37474),
(95947, 0.60962224006652832, 2.047500133514404296, 0, 37474),
(96133, 0.699441432952880859, 1.25, 0, 37474),
(97079, 0.526631593704223632, 0.5, 0, 37474),
(98055, 6.402965545654296875, 7.5, 0, 37474),
(99075, 2.711168289184570312, 6, 0, 37474),
(9904, 0.300000011920928955, 0.5, 0, 37474),
(99861, 0.46358346939086914, 0.300000011920928955, 0, 37474),
(97852, 2.022901773452758789, 1.80000007152557373, 0, 37474),
(98673, 4.136561870574951171, 6, 0, 37474),
(95797, 0.267373949289321899, 0, 0, 37474),
(11094, 1.370500564575195312, 1.20000004768371582, 0, 37474),
(98463, 0.063000001013278961, 0.270000010728836059, 0, 37474),
(95780, 1.052216887474060058, 1.60000002384185791, 0, 37474),
(98429, 0.559553146362304687, 1, 0, 37474),
(99414, 1.420079946517944335, 2.20000004768371582, 0, 37474),
(95577, 0.164499998092651367, 0.699999988079071044, 0, 37474),
(98461, 0.328587353229522705, 0.5, 0, 37474),
(92246, 1.239107370376586914, 0.60000002384185791, 0, 37474),
(34901, 1.370500564575195312, 1.20000004768371582, 0, 37474),
(98465, 0.063000001013278961, 0.270000010728836059, 0, 37474),
(98467, 0.100000001490116119, 0.100000001490116119, 0, 37474),
(94757, 1.211015939712524414, 1.949999928474426269, 0, 37474),
(94882, 3.860790967941284179, 5.599999904632568359, 0, 37474),
(95559, 1.211015939712524414, 1.949999928474426269, 0, 37474),
(94791, 0.93155074119567871, 1.5, 0, 37474),
(94178, 4.083586692810058593, 4.40000009536743164, 0, 37474),
(94761, 0.93155074119567871, 1.5, 0, 37474),
(94760, 1.211015939712524414, 1.949999928474426269, 0, 37474),
(95223, 0.93155074119567871, 1.5, 0, 37474),
(95222, 0.93155074119567871, 1.5, 0, 37474),
(94704, 2.654331207275390625, 2.859999895095825195, 0, 37474),
(95376, 1.079260706901550292, 1.139999985694885253, 0, 37474),
(96469, 1.355584144592285156, 3, 0, 37474),
(95965, 1.136063933372497558, 1.20000004768371582, 0, 37474),
(95395, 1.136063933372497558, 1.20000004768371582, 0, 37474),
(95392, 1.136063933372497558, 1.20000004768371582, 0, 37474),
(97893, 1.737355947494506835, 2.519999980926513671, 0, 37474),
(94932, 1.197071075439453125, 1.5, 0, 37474),
(97016, 3.675227880477905273, 3.960000038146972656, 0, 37474),
(96561, 0.839329779148101806, 1.5, 0, 37474),
(95112, 1.197071075439453125, 1.5, 0, 37474),
(96212, 0.699441432952880859, 1.25, 0, 37474),
(95113, 1.316778182983398437, 1.65000009536743164, 0, 37474),
(100389, 10.11450862884521484, 9, 0, 37474),
(99867, 0.179999992251396179, 0.299999982118606567, 0, 37474),
(95964, 0.696711122989654541, 2.340000152587890625, 0, 37474),
(95573, 0.454852879047393798, 0, 0, 37474),
(97066, 3.675227880477905273, 3.960000038146972656, 0, 37474),
(95949, 0.696711122989654541, 2.340000152587890625, 0, 37474),
(95963, 0.696711122989654541, 2.340000152587890625, 0, 37474),
(95545, 1.136063933372497558, 1.20000004768371582, 0, 37474),
(95792, 0.919484734535217285, 0.625, 0, 37474),
(95786, 0.919484734535217285, 0.625, 0, 37474),
(95979, 0.733513593673706054, 1.5, 0, 37474),
(94053, 0.733513593673706054, 1.5, 0, 37474),
(94148, 0.155000001192092895, 0.5, 0, 37474),
(95791, 1.83896946907043457, 1.25, 0, 37474),
(95655, 0.733513593673706054, 1.5, 0, 37474),
(96115, 1.007195711135864257, 1.80000007152557373, 0, 37474),
(96438, 1.049162149429321289, 1.875, 0, 37474),
(96555, 1.091128706932067871, 1.95000004768371582, 0, 37474),
(98076, 0.696711122989654541, 2.340000152587890625, 0, 37474),
(96209, 0.839329779148101806, 1.5, 0, 37474),
(95997, 0.733513593673706054, 1.5, 0, 37474),
(98199, 1.121858954429626464, 0, 0, 37474),
(95081, 1.181651949882507324, 1, 0, 37474),
(95253, 1.002214550971984863, 2.40000009536743164, 0, 37474),
(96235, 0.200000002980232238, 2, 0, 37474),
(90397, 0.556604981422424316, 0, 0, 37474),
(95252, 1.002214550971984863, 2.40000009536743164, 0, 37474),
(93595, 1.888888955116271972, 2, 0, 37474),
(98692, 0.733513593673706054, 1.5, 0, 37474),
(96422, 0.228800013661384582, 1.65000009536743164, 0, 37474),
(97981, 1.420079946517944335, 1.5, 0, 37474),
(74802, 0.428406476974487304, 1.5, 0, 37474),
(93151, 3.451664447784423828, 4.800000190734863281, 0, 37474),
(92345, 1.278339982032775878, 1, 0, 37474),
(88012, 0.658049285411834716, 0, 0, 37474),
(94614, 2.083333253860473632, 1, 0, 37474),
(93586, 1.888888955116271972, 2, 0, 37474),
(98194, 0.702080011367797851, 2.25, 0, 37474),
(94612, 2.083333253860473632, 1, 0, 37474),
(96196, 0.699441432952880859, 1.25, 0, 37474),
(96086, 0.759269475936889648, 1.65000009536743164, 0, 37474),
(96637, 0.468053340911865234, 1.5, 0, 37474),
(96591, 0.699441432952880859, 1.25, 0, 37474),
(96281, 0.699441432952880859, 1.25, 0, 37474),
(99205, 1.888888955116271972, 2, 0, 37474),
(93581, 1.888888955116271972, 2, 0, 37474),
(96614, 0.468053340911865234, 1.5, 0, 37474),
(86231, 0.30657997727394104, 2, 0, 37474),
(42722, 0.655764877796173095, 1.20000004768371582, 0, 37474),
(42720, 0.655764877796173095, 1.20000004768371582, 0, 37474),
(99478, 2.05276346206665039, 0, 0, 37474),
(95843, 29.16666603088378906, 90, 0, 37474),
(95511, 1.420079946517944335, 1.5, 0, 37474),
(93201, 1.167062759399414062, 1, 0, 37474),
(94449, 5.188569068908691406, 1, 0, 37474),
(96624, 0.936106681823730468, 3, 0, 37474),
(19283, 0.5, 1, 0, 37474),
(11686, 0.5, 1, 0, 37474),
(95948, 0.870888888835906982, 2.925000190734863281, 0, 37474),
(97025, 0.524785518646240234, 0, 0, 37474),
(96330, 0.336600005626678466, 1.65000009536743164, 0, 37474),
(98195, 0.561664044857025146, 1.80000007152557373, 0, 37474),
(95464, 3.468535423278808593, 3, 0, 37474),
(93232, 1.167062759399414062, 1, 0, 37474),
(96328, 0.336600005626678466, 1.65000009536743164, 0, 37474),
(88016, 0.860983908176422119, 0, 0, 37474),
(90422, 1.563096523284912109, 0, 0, 37474),
(96326, 0.381944209337234497, 1.65000009536743164, 0, 37474),
(96325, 0.336600005626678466, 1.65000009536743164, 0, 37474),
(93582, 1.888888955116271972, 2, 0, 37474),
(93588, 1.888888955116271972, 2, 0, 37474);

REPLACE INTO `creature_model_info` (`DisplayID`, `BoundingRadius`, `CombatReach`, `DisplayID_Other_Gender`, `VerifiedBuild`) VALUES
(93587, 1.888888955116271972, 2, 0, 37474),
(97879, 2.083333253860473632, 1, 0, 37474),
(95557, 1.181651949882507324, 1, 0, 37474),
(96744, 2.083333253860473632, 1, 0, 37474),
(95532, 0.445083051919937133, 1.80000007152557373, 0, 37474),
(96642, 0.468053340911865234, 1.5, 0, 37474),
(98688, 0.733513593673706054, 1.5, 0, 37474),
(99450, 0.936106681823730468, 3, 0, 37474),
(96603, 1.888888955116271972, 2, 0, 37474),
(96576, 0.524785518646240234, 0, 0, 37474),
(95258, 1.043871760368347167, 2.40000009536743164, 0, 37474),
(94471, 0.881396055221557617, 1, 0, 37474),
(96714, 0.445083141326904296, 1.80000007152557373, 0, 37474),
(94469, 0.881396055221557617, 1, 0, 37474),
(97347, 1.223999977111816406, 6, 0, 37474),
(96602, 1.888888955116271972, 2, 0, 37474),
(97650, 1.888888955116271972, 2, 0, 37474),
(27823, 0.25, 0.5, 0, 37474),
(93597, 1.888888955116271972, 2, 0, 37474),
(93580, 1.888888955116271972, 2, 0, 37474),
(96625, 0.468053340911865234, 1.5, 0, 37474),
(93590, 1.888888955116271972, 2, 0, 37474),
(93598, 1.888888955116271972, 2, 0, 37474),
(93600, 1.888888955116271972, 2, 0, 37474),
(97649, 1.888888955116271972, 2, 0, 37474),
(97651, 1.888888955116271972, 2, 0, 37474),
(96748, 2.083333253860473632, 1, 0, 37474),
(93585, 1.888888955116271972, 2, 0, 37474),
(95260, 1.043871760368347167, 2.40000009536743164, 0, 37474),
(99744, 0.881396055221557617, 1, 0, 37474),
(95660, 0.611999988555908203, 3, 0, 37474),
(99382, 2.455555438995361328, 2.599999904632568359, 0, 37474),
(93592, 2.455555438995361328, 2.599999904632568359, 0, 37474),
(92714, 8.924431800842285156, 1.5, 0, 37474),
(98562, 8, 8, 0, 37474),
(95276, 0.733025848865509033, 0, 0, 37474),
(23767, 0.300000011920928955, 1, 0, 37474);

-- vendor fixes

REPLACE INTO `npc_vendor` (`entry`, `slot`, `item`, `maxcount`, `ExtendedCost`, `type`, `PlayerConditionID`, `IgnoreFiltering`, `VerifiedBuild`) VALUES
(161994, 13, 184283, 0, 0, 1, 0, 0, 37474), -- Dusk No. 1
(161994, 12, 182121, 0, 0, 1, 0, 0, 37474), -- Corpse Reanimator
(161994, 11, 182120, 0, 0, 1, 0, 0, 37474), -- The Lich's Heart
(161994, 10, 182119, 0, 0, 1, 0, 0, 37474), -- Bloody Marileth
(161994, 9, 182118, 0, 0, 1, 0, 0, 37474), -- Sour Nightcap
(161994, 8, 178539, 0, 0, 1, 0, 0, 37474), -- Lukewarm Tauralus Milk
(161994, 7, 178548, 0, 0, 1, 0, 0, 37474), -- Tea Bones
(161994, 6, 178552, 0, 0, 1, 0, 0, 37474), -- Blood Oranges
(161994, 5, 178536, 0, 0, 1, 0, 0, 37474), -- Tauralus Bone Marrow
(161994, 4, 178534, 0, 0, 1, 0, 0, 37474), -- Corpini Slurry
(161994, 3, 180430, 0, 0, 1, 0, 0, 37474), -- Finger Food
(161994, 2, 178541, 0, 0, 1, 0, 0, 37474), -- Roasted Marrow Bones
(161994, 1, 178537, 0, 0, 1, 0, 0, 37474), -- Hair-Trussed Fungi
(161676, 8, 2901, 0, 0, 1, 0, 0, 37474), -- Mining Pick
(161676, 7, 5956, 0, 0, 1, 0, 0, 37474), -- Blacksmith Hammer
(161676, 6, 3857, 0, 0, 1, 0, 0, 37474), -- Coal
(161676, 5, 180733, 0, 0, 1, 0, 0, 37474), -- Luminous Flux
(161676, 4, 18567, 0, 0, 1, 0, 0, 37474), -- Elemental Flux
(161676, 3, 160298, 0, 0, 1, 0, 0, 37474), -- Durable Flux
(161676, 2, 3466, 0, 0, 1, 0, 0, 37474), -- Strong Flux
(161676, 1, 2880, 0, 0, 1, 0, 0, 37474), -- Weak Flux
(175371, 28, 184260, 0, 6940, 1, 0, 1, 37474), -- Warglaive of the Hidden Fiend
(175371, 27, 184248, 0, 6939, 1, 0, 1, 37474), -- Blightforged Twinblade
(175371, 26, 184267, 0, 6940, 1, 0, 1, 37474), -- Skullcleaver of the Merciless One
(175371, 25, 184255, 0, 6939, 1, 0, 1, 37474), -- Gristlegore Hacker
(175371, 24, 184261, 0, 6940, 1, 0, 1, 37474), -- Greatstaff of the Lichsworn General
(175371, 23, 184249, 0, 6939, 1, 0, 1, 37474), -- Staff of the Lichsworn Lieutenant
(175371, 22, 184264, 0, 6940, 1, 0, 1, 37474), -- Krexus's Bloodletting Polearm
(175371, 21, 184252, 0, 6939, 1, 0, 1, 37474), -- Aranakk Torture Device
(175371, 20, 184259, 0, 6940, 1, 0, 1, 37474), -- Grasp from the Grave
(175371, 19, 184247, 0, 6939, 1, 0, 1, 37474), -- Grip of the Dead
(175371, 18, 184262, 0, 6940, 1, 0, 1, 37474), -- Deadeye Cannon
(175371, 17, 184250, 0, 6939, 1, 0, 1, 37474), -- Deadeye Blunderbuss
(175371, 16, 184266, 0, 6940, 1, 0, 1, 37474), -- Fleshscourge Sickle
(175371, 15, 184254, 0, 6939, 1, 0, 1, 37474), -- Plaguespine Sickle
(175371, 14, 184256, 0, 6940, 1, 0, 1, 37474), -- Vicious Goreripper Shank
(175371, 13, 184244, 0, 6939, 1, 0, 1, 37474), -- Biting Gutsliver Shank
(175371, 12, 184265, 0, 6940, 1, 0, 1, 37474), -- Abdomen Splitter
(175371, 11, 184253, 0, 6939, 1, 0, 1, 37474), -- Abdomen Chopper
(175371, 10, 184263, 0, 6940, 1, 0, 1, 37474), -- Ossified Greataxe
(175371, 9, 184251, 0, 6939, 1, 0, 1, 37474), -- Ossified Broadaxe
(165032, 5, 178539, 0, 0, 1, 0, 0, 37474), -- Lukewarm Tauralus Milk
(165032, 4, 178552, 0, 0, 1, 0, 0, 37474), -- Blood Oranges
(165032, 3, 178534, 0, 0, 1, 0, 0, 37474), -- Corpini Slurry
(165032, 2, 180430, 0, 0, 1, 0, 0, 37474), -- Finger Food
(165032, 1, 178537, 0, 0, 1, 0, 0, 37474), -- Hair-Trussed Fungi
(159893, 8, 2901, 0, 0, 1, 0, 0, 37474), -- Mining Pick
(159893, 7, 5956, 0, 0, 1, 0, 0, 37474), -- Blacksmith Hammer
(159893, 6, 3857, 0, 0, 1, 0, 0, 37474), -- Coal
(159893, 5, 180733, 0, 0, 1, 0, 0, 37474), -- Luminous Flux
(159893, 4, 18567, 0, 0, 1, 0, 0, 37474), -- Elemental Flux
(159893, 3, 160298, 0, 0, 1, 0, 0, 37474), -- Durable Flux
(159893, 2, 3466, 0, 0, 1, 0, 0, 37474), -- Strong Flux
(159893, 1, 2880, 0, 0, 1, 0, 0, 37474), -- Weak Flux
(166420, 18, 6256, 0, 0, 1, 0, 0, 37474), -- Fishing Pole
(166420, 17, 39505, 0, 0, 1, 0, 0, 37474), -- Virtuoso Inking Set
(166420, 16, 20815, 0, 0, 1, 0, 0, 37474), -- Jeweler's Kit
(166420, 15, 2901, 0, 0, 1, 0, 0, 37474), -- Mining Pick
(166420, 14, 85663, 0, 0, 1, 0, 0, 37474), -- Herbalist's Spade
(166420, 13, 7005, 0, 0, 1, 0, 0, 37474), -- Skinning Knife
(166420, 12, 5956, 0, 0, 1, 0, 0, 37474), -- Blacksmith Hammer
(166420, 11, 178786, 0, 0, 1, 0, 0, 37474), -- Lusterwheat Flour
(166420, 10, 172059, 0, 0, 1, 0, 0, 37474), -- Rich Grazer Milk
(166420, 9, 172058, 0, 0, 1, 0, 0, 37474), -- Smuggled Azerothian Produce
(166420, 8, 172057, 0, 0, 1, 0, 0, 37474), -- Inconceivably Aged Vinegar
(166420, 7, 172056, 0, 0, 1, 0, 0, 37474), -- Medley of Transplanar Spices
(166420, 6, 173168, 0, 0, 1, 0, 0, 37474), -- Laestrite Setting
(166420, 5, 38682, 0, 0, 1, 0, 0, 37474), -- Enchanting Vellum
(166420, 4, 180732, 0, 0, 1, 0, 0, 37474), -- Rune Etched Vial
(166420, 3, 175886, 0, 0, 1, 0, 0, 37474), -- Dark Parchment
(166420, 2, 173060, 0, 0, 1, 0, 0, 37474), -- Aerated Water
(166420, 1, 180733, 0, 0, 1, 0, 0, 37474), -- Luminous Flux
(161712, 1, 37460, 0, 0, 1, 0, 0, 37474), -- Rope Pet Leash
(172176, 57, 182218, 0, 6953, 1, 82884, 0, 37474), -- Prime Harbinger's Pauldrons
(172176, 56, 182245, 0, 6953, 1, 82884, 0, 37474), -- Prime Tactician's Spaulders
(172176, 55, 182227, 0, 6953, 1, 82884, 0, 37474), -- Prime Wraith's Shoulders
(172176, 54, 182236, 0, 6953, 1, 82884, 0, 37474), -- Prime Conjurer's Mantle
(172176, 53, 182213, 0, 6953, 1, 82884, 0, 37474), -- Prime Harbinger's Greathelm
(172176, 52, 182240, 0, 6953, 1, 82884, 0, 37474), -- Prime Tactician's Faceguard
(172176, 51, 182222, 0, 6953, 1, 82884, 0, 37474), -- Prime Wraith's Visage
(172176, 50, 182231, 0, 6953, 1, 82884, 0, 37474), -- Prime Conjurer's Cowl
(172176, 49, 182214, 0, 6953, 1, 82884, 0, 37474), -- Prime Harbinger's Chestguard
(172176, 48, 182241, 0, 6953, 1, 82884, 0, 37474), -- Prime Tactician's Hauberk
(172176, 47, 182223, 0, 6953, 1, 82884, 0, 37474), -- Prime Wraith's Jerkin
(172176, 46, 182232, 0, 6953, 1, 82884, 0, 37474), -- Prime Conjurer's Tunic
(172176, 45, 182217, 0, 6952, 1, 82878, 0, 37474), -- Prime Harbinger's Greaves
(172176, 44, 182244, 0, 6952, 1, 82878, 0, 37474), -- Prime Tactician's Chausses
(172176, 43, 182226, 0, 6952, 1, 82878, 0, 37474), -- Prime Wraith's Breeches
(172176, 42, 182235, 0, 6952, 1, 82878, 0, 37474), -- Prime Conjurer's Leggings
(172176, 41, 182215, 0, 6951, 1, 82878, 0, 37474), -- Prime Harbinger's Stompers
(172176, 40, 182242, 0, 6951, 1, 82878, 0, 37474), -- Prime Tactician's Sabatons
(172176, 39, 182224, 0, 6951, 1, 82878, 0, 37474), -- Prime Wraith's Boots
(172176, 38, 182233, 0, 6951, 1, 82878, 0, 37474), -- Prime Conjurer's Slippers
(172176, 37, 182221, 0, 7030, 1, 82878, 0, 37474), -- Prime Harbinger's Greatcloak
(172176, 36, 182248, 0, 7030, 1, 82878, 0, 37474), -- Prime Tactician's Drape
(172176, 35, 182230, 0, 7030, 1, 82878, 0, 37474), -- Prime Wraith's Cloak
(172176, 34, 182239, 0, 7030, 1, 82878, 0, 37474), -- Prime Conjurer's Cape
(172176, 33, 182220, 0, 6951, 1, 82868, 0, 37474), -- Prime Harbinger's Vambraces
(172176, 32, 182247, 0, 6951, 1, 82868, 0, 37474), -- Prime Tactician's Bracers
(172176, 31, 182229, 0, 6951, 1, 82868, 0, 37474), -- Prime Wraith's Armguards
(172176, 30, 182238, 0, 6951, 1, 82868, 0, 37474), -- Prime Conjurer's Wristwraps
(172176, 29, 182219, 0, 6952, 1, 82868, 0, 37474), -- Prime Harbinger's Warbelt
(172176, 28, 182246, 0, 6952, 1, 82868, 0, 37474), -- Prime Tactician's Girdle
(172176, 27, 182228, 0, 6952, 1, 82868, 0, 37474), -- Prime Wraith's Belt
(172176, 26, 182237, 0, 6952, 1, 82868, 0, 37474), -- Prime Conjurer's Cinch
(172176, 25, 182216, 0, 6951, 1, 82868, 0, 37474), -- Prime Harbinger's Crushers
(172176, 24, 182243, 0, 6951, 1, 82868, 0, 37474), -- Prime Tactician's Gauntlets
(172176, 23, 182225, 0, 6951, 1, 82868, 0, 37474), -- Prime Wraith's Stranglers
(172176, 22, 182234, 0, 6951, 1, 82868, 0, 37474), -- Prime Conjurer's Gloves
(172176, 21, 184067, 0, 6950, 1, 82889, 0, 37474), -- Skullformed Ossein Warglaive
(172176, 20, 184074, 0, 6950, 1, 82889, 0, 37474), -- Chopper of the Hidden Hand
(172176, 19, 184068, 0, 6950, 1, 82889, 0, 37474), -- Greatstaff of the Lichsworn
(172176, 18, 184064, 0, 6950, 1, 82889, 0, 37474), -- Deathforged Bulwark of Maldraxxus
(172176, 17, 184071, 0, 6950, 1, 82889, 0, 37474), -- Blooddoused Aranakk Polearm
(172176, 16, 184065, 0, 6950, 1, 82889, 0, 37474), -- Lambent Plaguetouched Focus
(172176, 15, 184066, 0, 6950, 1, 82889, 0, 37474), -- Wriggling Soulcharged Mace
(172176, 14, 184069, 0, 6950, 1, 82889, 0, 37474), -- Soulbarb, the Breathless Kill
(172176, 13, 184073, 0, 6950, 1, 82889, 0, 37474), -- Crooked Plaguedtouched Dagger
(172176, 12, 184063, 0, 6950, 1, 82889, 0, 37474), -- Shank of the Unseen Eye
(172176, 11, 184072, 0, 6950, 1, 82889, 0, 37474), -- Brutal Fury-Forged Cleaver
(172176, 10, 184070, 0, 6950, 1, 82889, 0, 37474), -- Colossal Greataxe of Pandemonium
(172176, 9, 181805, 0, 6949, 1, 82886, 0, 37474), -- Osteowings of the Necrolords
(172176, 8, 181801, 0, 7043, 1, 0, 0, 37474), -- Standard of the Necrolords
(172176, 7, 181815, 0, 7031, 1, 0, 0, 37474), -- Armored Bonehoof Tauralus
(172176, 6, 181821, 0, 6948, 1, 87846, 0, 37474), -- Armored Plaguerot Tauralus
(172176, 5, 183462, 0, 6955, 1, 82888, 0, 37474), -- Illusion: Unbreakable Resolve
(172176, 4, 183601, 0, 6947, 1, 82879, 0, 37474), -- Jiggles
(172176, 3, 182076, 0, 6956, 1, 82875, 0, 37474), -- Plaguerot Tauralus
(172176, 2, 183249, 0, 6974, 1, 0, 0, 37474), -- Memory of a Vital Sacrifice
(172176, 1, 182773, 0, 6954, 1, 0, 0, 37474), -- Necrolord Hearthstone
(173003, 21, 183244, 0, 6906, 1, 0, 0, 37474), -- Memory of the Rattle of the Maw
(173003, 20, 184745, 0, 0, 1, 0, 0, 37474), -- Tunic of the March Warden
(173003, 19, 184738, 0, 0, 1, 0, 0, 37474), -- Chainmail of the March Warden
(173003, 18, 184737, 0, 0, 1, 0, 0, 37474), -- Chestplate of the March Warden
(173003, 17, 184736, 0, 0, 1, 0, 0, 37474), -- Robe of the March Warden
(173003, 16, 182082, 0, 6861, 1, 0, 0, 37474), -- Lurid Bloodtusk
(173003, 15, 180456, 0, 6898, 1, 0, 0, 37474), -- Colors of the Undying Army
(173003, 14, 183189, 0, 6904, 1, 0, 0, 37474), -- Illusion: Undying Spirit
(173003, 13, 181808, 0, 6972, 1, 0, 0, 37474), -- Death Fetish
(173003, 12, 181807, 0, 6972, 1, 0, 0, 37474), -- Barbarous Osteowings
(173003, 11, 184744, 0, 0, 1, 0, 0, 37474), -- Gnarled Boneloop
(173003, 10, 181272, 0, 6897, 1, 0, 0, 37474), -- Toenail
(173003, 9, 183104, 0, 6900, 1, 0, 0, 37474), -- Technique: Contract: The Undying Army
(173003, 8, 183095, 0, 6901, 1, 0, 0, 37474), -- Plans: Shadowsteel Pauldrons
(173003, 7, 183101, 0, 6901, 1, 0, 0, 37474), -- Pattern: Shadowlace Cloak
(173003, 6, 183858, 0, 6901, 1, 0, 0, 37474), -- Schematic: Wormhole Generator: Shadowlands
(173003, 5, 184742, 0, 0, 1, 0, 0, 37474), -- Rattling Bonefists
(173003, 4, 184741, 0, 0, 1, 0, 0, 37474), -- Apprentice Necromancer's Gloves
(173003, 3, 184740, 0, 0, 1, 0, 0, 37474), -- Fortified Jawcrackers
(173003, 2, 184739, 0, 0, 1, 0, 0, 37474), -- Pallid Stitched Gloves
(173003, 1, 183112, 0, 6897, 1, 0, 0, 37474), -- Animated Radius
(174668, 5, 178539, 0, 0, 1, 0, 0, 37474), -- Lukewarm Tauralus Milk
(174668, 4, 178552, 0, 0, 1, 0, 0, 37474), -- Blood Oranges
(174668, 3, 178534, 0, 0, 1, 0, 0, 37474), -- Corpini Slurry
(174668, 2, 180430, 0, 0, 1, 0, 0, 37474), -- Finger Food
(174668, 1, 178537, 0, 0, 1, 0, 0, 37474), -- Hair-Trussed Fungi
(175311, 49, 184665, 0, 7029, 1, 89005, 0, 37474), -- Chronicle of Lost Memories
(175311, 48, 183454, 0, 6985, 1, 87502, 0, 37474), -- Goreforged Warglaive
(175311, 47, 183946, 0, 6985, 1, 87502, 0, 37474), -- Goreforged Chopper
(175311, 46, 183455, 0, 6985, 1, 87502, 0, 37474), -- Goreforged Staff
(175311, 45, 183451, 0, 6985, 1, 87502, 0, 37474), -- Goreforged Barrier
(175311, 44, 183458, 0, 6985, 1, 87502, 0, 37474), -- Goreforged Polearm
(175311, 43, 183452, 0, 6985, 1, 87502, 0, 37474), -- Goreforged Focus
(175311, 42, 183453, 0, 6985, 1, 87502, 0, 37474), -- Goreforged Mace
(175311, 41, 183456, 0, 6985, 1, 87502, 0, 37474), -- Goreforged Blunderbuss
(175311, 40, 183460, 0, 6985, 1, 87502, 0, 37474), -- Goreforged Sickle
(175311, 39, 183450, 0, 6985, 1, 87502, 0, 37474), -- Goreforged Shank
(175311, 38, 183459, 0, 6985, 1, 87502, 0, 37474), -- Goreforged Cleaver
(175311, 37, 183457, 0, 6985, 1, 87502, 0, 37474), -- Goreforged Greataxe
(175311, 36, 182251, 0, 7028, 1, 87501, 0, 37474), -- Bladesworn Harbinger's Chestguard
(175311, 35, 182278, 0, 7028, 1, 87501, 0, 37474), -- Bladesworn Tactician's Hauberk
(175311, 34, 182260, 0, 7028, 1, 87501, 0, 37474), -- Bladesworn Wraith's Jerkin
(175311, 33, 182269, 0, 7028, 1, 87501, 0, 37474), -- Bladesworn Conjurer's Tunic
(175311, 32, 182252, 0, 7028, 1, 87501, 0, 37474), -- Bladesworn Harbinger's Stompers
(175311, 31, 182279, 0, 7028, 1, 87501, 0, 37474), -- Bladesworn Tactician's Sabatons
(175311, 30, 182261, 0, 7028, 1, 87501, 0, 37474), -- Bladesworn Wraith's Boots
(175311, 29, 182270, 0, 7028, 1, 87501, 0, 37474), -- Bladesworn Conjurer's Slippers
(175311, 28, 182255, 0, 7028, 1, 87500, 0, 37474), -- Bladesworn Harbinger's Pauldrons
(175311, 27, 182282, 0, 7028, 1, 87500, 0, 37474), -- Bladesworn Tactician's Spaulders
(175311, 26, 182264, 0, 7028, 1, 87500, 0, 37474), -- Bladesworn Wraith's Shoulders
(175311, 25, 182273, 0, 7028, 1, 87500, 0, 37474), -- Bladesworn Conjurer's Mantle
(175311, 24, 182258, 0, 7028, 1, 87499, 0, 37474), -- Bladesworn Harbinger's Greatcloak
(175311, 23, 182285, 0, 7028, 1, 87499, 0, 37474), -- Bladesworn Tactician's Drape
(175311, 22, 182267, 0, 7028, 1, 87499, 0, 37474), -- Bladesworn Wraith's Cloak
(175311, 21, 182276, 0, 7028, 1, 87499, 0, 37474), -- Bladesworn Conjurer's Cape
(175311, 20, 182253, 0, 7028, 1, 87498, 0, 37474), -- Bladesworn Harbinger's Crushers
(175311, 19, 182280, 0, 7028, 1, 87498, 0, 37474), -- Bladesworn Tactician's Gauntlets
(175311, 18, 182262, 0, 7028, 1, 87498, 0, 37474), -- Bladesworn Wraith's Stranglers
(175311, 17, 182271, 0, 7028, 1, 87498, 0, 37474), -- Bladesworn Conjurer's Gloves
(175311, 16, 182257, 0, 7028, 1, 87497, 0, 37474), -- Bladesworn Harbinger's Vambraces
(175311, 15, 182284, 0, 7028, 1, 87497, 0, 37474), -- Bladesworn Tactician's Bracers
(175311, 14, 182266, 0, 7028, 1, 87497, 0, 37474), -- Bladesworn Wraith's Armguards
(175311, 13, 182275, 0, 7028, 1, 87497, 0, 37474), -- Bladesworn Conjurer's Wristwraps
(175311, 12, 182250, 0, 7028, 1, 87497, 0, 37474), -- Bladesworn Harbinger's Greathelm
(175311, 11, 182277, 0, 7028, 1, 87497, 0, 37474), -- Bladesworn Tactician's Faceguard
(175311, 10, 182259, 0, 7028, 1, 87497, 0, 37474), -- Bladesworn Wraith's Visage
(175311, 9, 182268, 0, 7028, 1, 87497, 0, 37474), -- Bladesworn Conjurer's Cowl
(175311, 8, 182256, 0, 7028, 1, 0, 0, 37474), -- Bladesworn Harbinger's Warbelt
(175311, 7, 182283, 0, 7028, 1, 0, 0, 37474), -- Bladesworn Tactician's Girdle
(175311, 6, 182265, 0, 7028, 1, 0, 0, 37474), -- Bladesworn Wraith's Belt
(175311, 5, 182274, 0, 7028, 1, 0, 0, 37474), -- Bladesworn Conjurer's Cinch
(175311, 4, 182254, 0, 7028, 1, 0, 0, 37474), -- Bladesworn Harbinger's Greaves
(175311, 3, 182281, 0, 7028, 1, 0, 0, 37474), -- Bladesworn Tactician's Chausses
(175311, 2, 182263, 0, 7028, 1, 0, 0, 37474), -- Bladesworn Wraith's Breeches
(175311, 1, 182272, 0, 7028, 1, 0, 0, 37474), -- Bladesworn Conjurer's Leggings
(175312, 28, 184260, 0, 6940, 1, 0, 1, 37474), -- Warglaive of the Hidden Fiend
(175312, 27, 184248, 0, 6939, 1, 0, 1, 37474), -- Blightforged Twinblade
(175312, 26, 184267, 0, 6940, 1, 0, 1, 37474), -- Skullcleaver of the Merciless One
(175312, 25, 184255, 0, 6939, 1, 0, 1, 37474), -- Gristlegore Hacker
(175312, 24, 184261, 0, 6940, 1, 0, 1, 37474), -- Greatstaff of the Lichsworn General
(175312, 23, 184249, 0, 6939, 1, 0, 1, 37474), -- Staff of the Lichsworn Lieutenant
(175312, 22, 184264, 0, 6940, 1, 0, 1, 37474), -- Krexus's Bloodletting Polearm
(175312, 21, 184252, 0, 6939, 1, 0, 1, 37474), -- Aranakk Torture Device
(175312, 20, 184259, 0, 6940, 1, 0, 1, 37474), -- Grasp from the Grave
(175312, 19, 184247, 0, 6939, 1, 0, 1, 37474), -- Grip of the Dead
(175312, 18, 184262, 0, 6940, 1, 0, 1, 37474), -- Deadeye Cannon
(175312, 17, 184250, 0, 6939, 1, 0, 1, 37474), -- Deadeye Blunderbuss
(175312, 16, 184266, 0, 6940, 1, 0, 1, 37474), -- Fleshscourge Sickle
(175312, 15, 184254, 0, 6939, 1, 0, 1, 37474), -- Plaguespine Sickle
(175312, 14, 184256, 0, 6940, 1, 0, 1, 37474), -- Vicious Goreripper Shank
(175312, 13, 184244, 0, 6939, 1, 0, 1, 37474), -- Biting Gutsliver Shank
(175312, 12, 184265, 0, 6940, 1, 0, 1, 37474), -- Abdomen Splitter
(175312, 11, 184253, 0, 6939, 1, 0, 1, 37474), -- Abdomen Chopper
(175312, 10, 184263, 0, 6940, 1, 0, 1, 37474), -- Ossified Greataxe
(175312, 9, 184251, 0, 6939, 1, 0, 1, 37474), -- Ossified Broadaxe
(173022, 8, 2901, 0, 0, 1, 0, 0, 37474), -- Mining Pick
(173022, 7, 5956, 0, 0, 1, 0, 0, 37474), -- Blacksmith Hammer
(173022, 6, 3857, 0, 0, 1, 0, 0, 37474), -- Coal
(173022, 5, 180733, 0, 0, 1, 0, 0, 37474), -- Luminous Flux
(173022, 4, 18567, 0, 0, 1, 0, 0, 37474), -- Elemental Flux
(173022, 3, 160298, 0, 0, 1, 0, 0, 37474), -- Durable Flux
(173022, 2, 3466, 0, 0, 1, 0, 0, 37474), -- Strong Flux
(173022, 1, 2880, 0, 0, 1, 0, 0, 37474), -- Weak Flux
(168952, 13, 184283, 0, 0, 1, 0, 0, 37474), -- Dusk No. 1
(168952, 12, 182121, 0, 0, 1, 0, 0, 37474), -- Corpse Reanimator
(168952, 11, 182120, 0, 0, 1, 0, 0, 37474), -- The Lich's Heart
(168952, 10, 182119, 0, 0, 1, 0, 0, 37474), -- Bloody Marileth
(168952, 9, 182118, 0, 0, 1, 0, 0, 37474), -- Sour Nightcap
(168952, 8, 178539, 0, 0, 1, 0, 0, 37474), -- Lukewarm Tauralus Milk
(168952, 7, 178548, 0, 0, 1, 0, 0, 37474), -- Tea Bones
(168952, 6, 178552, 0, 0, 1, 0, 0, 37474), -- Blood Oranges
(168952, 5, 178536, 0, 0, 1, 0, 0, 37474), -- Tauralus Bone Marrow
(168952, 4, 178534, 0, 0, 1, 0, 0, 37474), -- Corpini Slurry
(168952, 3, 180430, 0, 0, 1, 0, 0, 37474), -- Finger Food
(168952, 2, 178541, 0, 0, 1, 0, 0, 37474), -- Roasted Marrow Bones
(168952, 1, 178537, 0, 0, 1, 0, 0, 37474), -- Hair-Trussed Fungi
(169698, 8, 184036, 0, 0, 1, 0, 0, 37474), -- Dundae's Hat
(169698, 7, 178545, 0, 0, 1, 0, 0, 37474), -- Bone Apple Tea
(169698, 6, 178548, 0, 0, 1, 0, 0, 37474), -- Tea Bones
(169698, 5, 178536, 0, 0, 1, 0, 0, 37474); -- Tauralus Bone Marrow

REPLACE INTO `npc_vendor` (`entry`, `slot`, `item`, `maxcount`, `ExtendedCost`, `type`, `PlayerConditionID`, `IgnoreFiltering`, `VerifiedBuild`) VALUES
(169698, 4, 178538, 0, 0, 1, 0, 0, 37474), -- Beetle Juice
(169698, 3, 178542, 0, 0, 1, 0, 0, 37474), -- Cranial Concoction
(169698, 2, 178549, 0, 0, 1, 0, 0, 37474), -- Boiled Meat
(169698, 1, 178541, 0, 0, 1, 0, 0, 37474), -- Roasted Marrow Bones
(174656, 8, 2901, 0, 0, 1, 0, 0, 37474), -- Mining Pick
(174656, 7, 5956, 0, 0, 1, 0, 0, 37474), -- Blacksmith Hammer
(174656, 6, 3857, 0, 0, 1, 0, 0, 37474), -- Coal
(174656, 5, 180733, 0, 0, 1, 0, 0, 37474), -- Luminous Flux
(174656, 4, 18567, 0, 0, 1, 0, 0, 37474), -- Elemental Flux
(174656, 3, 160298, 0, 0, 1, 0, 0, 37474), -- Durable Flux
(174656, 2, 3466, 0, 0, 1, 0, 0, 37474), -- Strong Flux
(174656, 1, 2880, 0, 0, 1, 0, 0, 37474), -- Weak Flux
(161702, 13, 184283, 0, 0, 1, 0, 0, 37474), -- Dusk No. 1
(161702, 12, 182121, 0, 0, 1, 0, 0, 37474), -- Corpse Reanimator
(161702, 11, 182120, 0, 0, 1, 0, 0, 37474), -- The Lich's Heart
(161702, 10, 182119, 0, 0, 1, 0, 0, 37474), -- Bloody Marileth
(161702, 9, 182118, 0, 0, 1, 0, 0, 37474), -- Sour Nightcap
(161702, 8, 178539, 0, 0, 1, 0, 0, 37474), -- Lukewarm Tauralus Milk
(161702, 7, 178548, 0, 0, 1, 0, 0, 37474), -- Tea Bones
(161702, 6, 178552, 0, 0, 1, 0, 0, 37474), -- Blood Oranges
(161702, 5, 178536, 0, 0, 1, 0, 0, 37474), -- Tauralus Bone Marrow
(161702, 4, 178534, 0, 0, 1, 0, 0, 37474), -- Corpini Slurry
(161702, 3, 180430, 0, 0, 1, 0, 0, 37474), -- Finger Food
(161702, 2, 178541, 0, 0, 1, 0, 0, 37474), -- Roasted Marrow Bones
(161702, 1, 178537, 0, 0, 1, 0, 0, 37474), -- Hair-Trussed Fungi
(175370, 28, 184260, 0, 6940, 1, 0, 1, 37474), -- Warglaive of the Hidden Fiend
(175370, 27, 184248, 0, 6939, 1, 0, 1, 37474), -- Blightforged Twinblade
(175370, 26, 184267, 0, 6940, 1, 0, 1, 37474), -- Skullcleaver of the Merciless One
(175370, 25, 184255, 0, 6939, 1, 0, 1, 37474), -- Gristlegore Hacker
(175370, 24, 184261, 0, 6940, 1, 0, 1, 37474), -- Greatstaff of the Lichsworn General
(175370, 23, 184249, 0, 6939, 1, 0, 1, 37474), -- Staff of the Lichsworn Lieutenant
(175370, 22, 184264, 0, 6940, 1, 0, 1, 37474), -- Krexus's Bloodletting Polearm
(175370, 21, 184252, 0, 6939, 1, 0, 1, 37474), -- Aranakk Torture Device
(175370, 20, 184259, 0, 6940, 1, 0, 1, 37474), -- Grasp from the Grave
(175370, 19, 184247, 0, 6939, 1, 0, 1, 37474), -- Grip of the Dead
(175370, 18, 184262, 0, 6940, 1, 0, 1, 37474), -- Deadeye Cannon
(175370, 17, 184250, 0, 6939, 1, 0, 1, 37474), -- Deadeye Blunderbuss
(175370, 16, 184266, 0, 6940, 1, 0, 1, 37474), -- Fleshscourge Sickle
(175370, 15, 184254, 0, 6939, 1, 0, 1, 37474), -- Plaguespine Sickle
(175370, 14, 184256, 0, 6940, 1, 0, 1, 37474), -- Vicious Goreripper Shank
(175370, 13, 184244, 0, 6939, 1, 0, 1, 37474), -- Biting Gutsliver Shank
(175370, 12, 184265, 0, 6940, 1, 0, 1, 37474), -- Abdomen Splitter
(175370, 11, 184253, 0, 6939, 1, 0, 1, 37474), -- Abdomen Chopper
(175370, 10, 184263, 0, 6940, 1, 0, 1, 37474), -- Ossified Greataxe
(175370, 9, 184251, 0, 6939, 1, 0, 1, 37474), -- Ossified Broadaxe
(175310, 28, 184260, 0, 6940, 1, 0, 1, 37474), -- Warglaive of the Hidden Fiend
(175310, 27, 184248, 0, 6939, 1, 0, 1, 37474), -- Blightforged Twinblade
(175310, 26, 184267, 0, 6940, 1, 0, 1, 37474), -- Skullcleaver of the Merciless One
(175310, 25, 184255, 0, 6939, 1, 0, 1, 37474), -- Gristlegore Hacker
(175310, 24, 184261, 0, 6940, 1, 0, 1, 37474), -- Greatstaff of the Lichsworn General
(175310, 23, 184249, 0, 6939, 1, 0, 1, 37474), -- Staff of the Lichsworn Lieutenant
(175310, 22, 184264, 0, 6940, 1, 0, 1, 37474), -- Krexus's Bloodletting Polearm
(175310, 21, 184252, 0, 6939, 1, 0, 1, 37474), -- Aranakk Torture Device
(175310, 20, 184259, 0, 6940, 1, 0, 1, 37474), -- Grasp from the Grave
(175310, 19, 184247, 0, 6939, 1, 0, 1, 37474), -- Grip of the Dead
(175310, 18, 184262, 0, 6940, 1, 0, 1, 37474), -- Deadeye Cannon
(175310, 17, 184250, 0, 6939, 1, 0, 1, 37474), -- Deadeye Blunderbuss
(175310, 16, 184266, 0, 6940, 1, 0, 1, 37474), -- Fleshscourge Sickle
(175310, 15, 184254, 0, 6939, 1, 0, 1, 37474), -- Plaguespine Sickle
(175310, 14, 184256, 0, 6940, 1, 0, 1, 37474), -- Vicious Goreripper Shank
(175310, 13, 184244, 0, 6939, 1, 0, 1, 37474), -- Biting Gutsliver Shank
(175310, 12, 184265, 0, 6940, 1, 0, 1, 37474), -- Abdomen Splitter
(175310, 11, 184253, 0, 6939, 1, 0, 1, 37474), -- Abdomen Chopper
(175310, 10, 184263, 0, 6940, 1, 0, 1, 37474), -- Ossified Greataxe
(175310, 9, 184251, 0, 6939, 1, 0, 1, 37474), -- Ossified Broadaxe
(161677, 1, 37460, 0, 0, 1, 0, 0, 37474), -- Rope Pet Leash
(161675, 13, 184283, 0, 0, 1, 0, 0, 37474), -- Dusk No. 1
(161675, 12, 182121, 0, 0, 1, 0, 0, 37474), -- Corpse Reanimator
(161675, 11, 182120, 0, 0, 1, 0, 0, 37474), -- The Lich's Heart
(161675, 10, 182119, 0, 0, 1, 0, 0, 37474), -- Bloody Marileth
(161675, 9, 182118, 0, 0, 1, 0, 0, 37474), -- Sour Nightcap
(161675, 8, 178539, 0, 0, 1, 0, 0, 37474), -- Lukewarm Tauralus Milk
(161675, 7, 178548, 0, 0, 1, 0, 0, 37474), -- Tea Bones
(161675, 6, 178552, 0, 0, 1, 0, 0, 37474), -- Blood Oranges
(161675, 5, 178536, 0, 0, 1, 0, 0, 37474), -- Tauralus Bone Marrow
(161675, 4, 178534, 0, 0, 1, 0, 0, 37474), -- Corpini Slurry
(161675, 3, 180430, 0, 0, 1, 0, 0, 37474), -- Finger Food
(161675, 2, 178541, 0, 0, 1, 0, 0, 37474), -- Roasted Marrow Bones
(161675, 1, 178537, 0, 0, 1, 0, 0, 37474), -- Hair-Trussed Fungi
(160567, 7, 2901, 0, 0, 1, 0, 0, 37474), -- Mining Pick
(160567, 6, 5956, 0, 0, 1, 0, 0, 37474), -- Blacksmith Hammer
(160567, 5, 3857, 0, 0, 1, 0, 0, 37474), -- Coal
(160567, 4, 2880, 0, 0, 1, 0, 0, 37474), -- Weak Flux
(160567, 3, 3466, 0, 0, 1, 0, 0, 37474), -- Strong Flux
(160567, 2, 18567, 0, 0, 1, 0, 0, 37474), -- Elemental Flux
(160567, 1, 180733, 0, 0, 1, 0, 0, 37474), -- Luminous Flux
(169699, 5, 178539, 0, 0, 1, 0, 0, 37474), -- Lukewarm Tauralus Milk
(169699, 4, 178552, 0, 0, 1, 0, 0, 37474), -- Blood Oranges
(169699, 3, 178534, 0, 0, 1, 0, 0, 37474), -- Corpini Slurry
(169699, 2, 180430, 0, 0, 1, 0, 0, 37474), -- Finger Food
(169699, 1, 178537, 0, 0, 1, 0, 0, 37474), -- Hair-Trussed Fungi
(161696, 8, 2901, 0, 0, 1, 0, 0, 37474), -- Mining Pick
(161696, 7, 5956, 0, 0, 1, 0, 0, 37474), -- Blacksmith Hammer
(161696, 6, 3857, 0, 0, 1, 0, 0, 37474), -- Coal
(161696, 5, 180733, 0, 0, 1, 0, 0, 37474), -- Luminous Flux
(161696, 4, 18567, 0, 0, 1, 0, 0, 37474), -- Elemental Flux
(161696, 3, 160298, 0, 0, 1, 0, 0, 37474), -- Durable Flux
(161696, 2, 3466, 0, 0, 1, 0, 0, 37474), -- Strong Flux
(161696, 1, 2880, 0, 0, 1, 0, 0, 37474); -- Weak Flux

-- several scaling additions

REPLACE INTO `creature_template_scaling` (`Entry`, `DifficultyID`, `LevelScalingMin`, `LevelScalingMax`, `LevelScalingDeltaMin`, `LevelScalingDeltaMax`, `ContentTuningID`, `VerifiedBuild`) VALUES
(162918, 0, 50, 60, 0, 0, 783, 37474),
(114665, 0, 10, 60, 0, 0, 982, 37474),
(164096, 0, 50, 60, 0, 0, 783, 37474),
(174922, 0, 50, 60, 0, 0, 783, 37474),
(168011, 0, 50, 60, 0, 0, 807, 37474),
(164095, 0, 50, 60, 0, 0, 783, 37474),
(171787, 0, 60, 60, 0, 0, 837, 37474),
(175213, 0, 60, 60, 0, 0, 2060, 37474),
(171790, 0, 51, 53, 0, 0, 743, 37474),
(170651, 0, 60, 60, 0, 0, 837, 37474),
(55370, 0, 1, 60, 0, 0, 328, 37474),
(167591, 0, 50, 60, 0, 0, 807, 37474),
(171299, 0, 50, 60, 0, 0, 783, 37474),
(162896, 0, 50, 60, 0, 0, 783, 37474),
(171821, 0, 60, 60, 0, 0, 2060, 37474),
(170153, 0, 60, 60, 3, 3, 742, 37474),
(176067, 0, 60, 60, 0, 0, 837, 37474),
(176066, 0, 58, 58, 0, 0, 1425, 37474),
(176368, 0, 60, 60, 0, 0, 837, 37474),
(164579, 0, 60, 60, 0, 0, 2060, 37474),
(164079, 0, 60, 60, 0, 0, 837, 37474),
(171795, 0, 60, 60, 3, 3, 837, 37474),
(175218, 0, 50, 60, 0, 0, 807, 37474),
(176064, 0, 60, 60, 0, 0, 837, 37474),
(176065, 0, 60, 60, 0, 0, 837, 37474),
(173386, 0, 60, 60, 0, 0, 837, 37474),
(173388, 0, 60, 60, 0, 0, 837, 37474),
(164099, 0, 50, 60, 0, 0, 783, 37474),
(164098, 0, 50, 60, 0, 0, 783, 37474),
(156504, 0, 50, 60, 0, 0, 783, 37474),
(164684, 0, 50, 60, 0, 0, 783, 37474),
(164100, 0, 50, 60, 0, 0, 783, 37474),
(171589, 0, 60, 60, 0, 0, 837, 37474),
(164078, 0, 58, 60, 0, 0, 746, 37474),
(156791, 0, 50, 60, 0, 0, 783, 37474),
(173369, 0, 50, 60, 0, 0, 783, 37474),
(170640, 0, 50, 50, 0, 0, 1400, 37474),
(175019, 0, 50, 60, 0, 0, 807, 37474),
(175216, 0, 50, 60, 0, 0, 807, 37474),
(170908, 0, 54, 54, 0, 0, 1333, 37474),
(164882, 0, 53, 53, 0, 0, 1325, 37474),
(164879, 0, 53, 55, 0, 0, 745, 37474),
(164878, 0, 53, 53, 0, 0, 1325, 37474),
(168741, 0, 1, 60, 0, 0, 373, 37474),
(166008, 0, 60, 60, 0, 0, 2060, 37474),
(172399, 0, 60, 60, 1, 1, 2060, 37474),
(170778, 0, 60, 60, 1, 1, 2060, 37474),
(165998, 0, 60, 60, 0, 0, 2060, 37474),
(162818, 0, 60, 60, 2, 2, 2060, 37474),
(164886, 0, 60, 60, 0, 0, 2060, 37474),
(162819, 0, 60, 60, 2, 2, 2060, 37474),
(172395, 0, 60, 60, 0, 0, 837, 37474),
(164899, 0, 60, 60, 1, 1, 2060, 37474),
(172505, 0, 53, 55, 0, 0, 745, 37474),
(172401, 0, 60, 60, 1, 1, 2060, 37474),
(172390, 0, 60, 60, 0, 0, 2060, 37474),
(157683, 0, 60, 60, 0, 0, 2060, 37474),
(172388, 0, 60, 60, 0, 0, 2060, 37474),
(172397, 0, 60, 60, 0, 0, 2060, 37474),
(164905, 0, 60, 60, 1, 1, 2060, 37474),
(170969, 0, 60, 60, 0, 0, 2060, 37474),
(157682, 0, 60, 60, 0, 0, 2060, 37474),
(164913, 0, 60, 60, 0, 0, 2060, 37474),
(172398, 0, 60, 60, 0, 0, 2060, 37474),
(164834, 0, 60, 60, 0, 0, 2060, 37474),
(164884, 0, 60, 60, 0, 0, 2060, 37474),
(170994, 0, 53, 53, 0, 0, 1325, 37474),
(165970, 0, 60, 60, 0, 0, 837, 37474),
(170996, 0, 53, 53, 0, 0, 1325, 37474),
(170573, 0, 53, 53, 0, 0, 1325, 37474),
(170563, 0, 53, 53, 0, 0, 1325, 37474),
(170562, 0, 53, 53, 0, 0, 1325, 37474),
(170551, 0, 53, 53, 0, 0, 1325, 37474),
(171169, 0, 53, 53, 0, 0, 1325, 37474),
(157665, 0, 53, 55, 0, 0, 745, 37474),
(158794, 0, 53, 53, 0, 0, 1325, 37474),
(169864, 0, 54, 54, 0, 0, 1336, 37474),
(157654, 0, 53, 53, 0, 0, 1325, 37474),
(170550, 0, 53, 53, 0, 0, 1325, 37474),
(167817, 0, 54, 54, 0, 0, 1326, 37474),
(170558, 0, 53, 53, 0, 0, 1325, 37474),
(164885, 0, 53, 53, 0, 0, 1325, 37474),
(170955, 0, 53, 53, 0, 0, 1325, 37474),
(164860, 0, 53, 53, 0, 0, 1325, 37474),
(170954, 0, 53, 55, 0, 0, 745, 37474),
(156208, 0, 58, 60, 0, 0, 746, 37474),
(170583, 0, 53, 53, 0, 0, 1325, 37474),
(173948, 0, 53, 53, 0, 0, 1325, 37474),
(170963, 0, 60, 60, 0, 0, 2060, 37474),
(170962, 0, 53, 55, 0, 0, 745, 37474),
(170582, 0, 53, 53, 0, 0, 1325, 37474),
(164880, 0, 53, 53, 0, 0, 1325, 37474),
(170580, 0, 53, 53, 0, 0, 1325, 37474),
(164877, 0, 53, 53, 0, 0, 1325, 37474),
(164824, 0, 53, 53, 0, 0, 1325, 37474),
(164848, 0, 53, 53, 0, 0, 1325, 37474),
(164847, 0, 53, 53, 0, 0, 1325, 37474),
(170931, 0, 53, 53, 0, 0, 1325, 37474),
(164836, 0, 53, 53, 0, 0, 1325, 37474),
(170956, 0, 53, 53, 0, 0, 1325, 37474),
(164864, 0, 53, 53, 0, 0, 1325, 37474),
(170991, 0, 60, 60, 0, 0, 837, 37474),
(173943, 0, 53, 53, 0, 0, 1325, 37474),
(164840, 0, 53, 53, 0, 0, 1325, 37474),
(168692, 0, 54, 54, 0, 0, 1336, 37474),
(164838, 0, 53, 53, 0, 0, 1325, 37474),
(170992, 0, 53, 53, 0, 0, 1325, 37474),
(170923, 0, 53, 53, 0, 0, 1325, 37474),
(169432, 0, 54, 54, 0, 0, 1336, 37474),
(170553, 0, 53, 53, 0, 0, 1325, 37474),
(164845, 0, 53, 53, 0, 0, 1325, 37474),
(174222, 0, 53, 53, 0, 0, 1325, 37474),
(174221, 0, 1, 1, 0, 0, 81, 37474),
(170893, 0, 53, 55, 0, 0, 745, 37474),
(170891, 0, 53, 53, 0, 0, 1325, 37474),
(170901, 0, 53, 55, 0, 0, 745, 37474),
(171358, 0, 53, 53, 0, 0, 1325, 37474),
(171419, 0, 53, 53, 0, 0, 1325, 37474),
(173944, 0, 53, 53, 0, 0, 1325, 37474),
(166437, 0, 60, 60, 0, 0, 837, 37474),
(136163, 0, 1, 60, 0, 0, 482, 37474),
(163119, 0, 60, 60, 0, 0, 837, 37474),
(173018, 0, 60, 60, 0, 0, 837, 37474),
(173026, 0, 60, 60, 0, 0, 837, 37474),
(166129, 0, 60, 60, 0, 0, 837, 37474),
(176421, 0, 60, 60, 0, 0, 837, 37474),
(175312, 0, 60, 60, 0, 0, 2060, 37474),
(175371, 0, 60, 60, 0, 0, 2060, 37474),
(172680, 0, 53, 55, 0, 0, 745, 37474),
(175370, 0, 60, 60, 0, 0, 2060, 37474),
(175310, 0, 60, 60, 0, 0, 837, 37474),
(175311, 0, 60, 60, 0, 0, 2060, 37474),
(161988, 0, 60, 60, 0, 0, 837, 37474),
(161985, 0, 60, 60, 0, 0, 837, 37474),
(167207, 0, 50, 50, 0, 0, 1400, 37474),
(161907, 0, 53, 55, 0, 0, 745, 37474),
(175314, 0, 60, 60, 0, 0, 837, 37474),
(167210, 0, 50, 50, 0, 0, 1400, 37474),
(167208, 0, 55, 58, 0, 0, 744, 37474),
(167201, 0, 53, 55, 0, 0, 745, 37474),
(172176, 0, 60, 60, 0, 0, 837, 37474),
(165347, 0, 53, 55, 0, 0, 745, 37474),
(168685, 0, 60, 60, 0, 0, 837, 37474),
(167748, 0, 60, 60, 0, 0, 837, 37474),
(165431, 0, 53, 55, 0, 0, 745, 37474),
(175998, 0, 60, 60, 0, 0, 2060, 37474),
(161904, 0, 60, 60, 0, 0, 837, 37474),
(161909, 0, 60, 60, 0, 0, 2060, 37474),
(167205, 0, 60, 60, 0, 0, 837, 37474),
(161905, 0, 53, 55, 0, 0, 745, 37474),
(175791, 0, 53, 55, 0, 0, 745, 37474),
(175136, 0, 60, 60, 0, 0, 837, 37474),
(174505, 0, 60, 60, 0, 0, 2060, 37474),
(173022, 0, 60, 60, 0, 0, 837, 37474),
(161994, 0, 53, 55, 0, 0, 745, 37474),
(158339, 0, 60, 60, 0, 0, 837, 37474),
(164915, 0, 53, 53, 0, 0, 1325, 37474),
(167209, 0, 60, 60, 0, 0, 837, 37474),
(175963, 0, 60, 60, 0, 0, 837, 37474),
(164712, 0, 53, 55, 0, 0, 745, 37474),
(175784, 0, 1, 1, 24, 24, 371, 37474),
(176355, 0, 60, 60, 0, 0, 2060, 37474),
(164759, 0, 54, 54, 0, 0, 1340, 37474),
(164758, 0, 54, 54, 0, 0, 1340, 37474),
(171599, 0, 58, 58, 0, 0, 1425, 37474),
(171415, 0, 54, 54, 0, 0, 1340, 37474),
(169999, 0, 60, 60, 0, 0, 837, 37474),
(171294, 0, 60, 60, 0, 0, 837, 37474),
(171292, 0, 60, 60, 0, 0, 2060, 37474),
(171289, 0, 60, 60, 0, 0, 2060, 37474),
(171290, 0, 60, 60, 0, 0, 2060, 37474),
(157509, 0, 60, 60, 0, 0, 837, 37474),
(166335, 0, 60, 60, 0, 0, 2060, 37474),
(160253, 0, 53, 55, 0, 0, 745, 37474),
(164482, 0, 53, 55, 0, 0, 745, 37474),
(158406, 0, 60, 60, 2, 2, 2060, 37474),
(165014, 0, 54, 54, 0, 0, 1340, 37474),
(167358, 0, 1, 1, 0, 0, 81, 37474),
(165027, 0, 54, 54, 0, 0, 1340, 37474),
(171217, 0, 54, 54, 0, 0, 1329, 37474),
(171129, 0, 53, 55, 0, 0, 745, 37474),
(157945, 0, 53, 55, 0, 0, 745, 37474),
(161380, 0, 53, 55, 0, 0, 745, 37474),
(165052, 0, 54, 54, 0, 0, 1340, 37474),
(161841, 0, 60, 60, 0, 0, 837, 37474),
(171130, 0, 54, 54, 0, 0, 1329, 37474),
(171135, 0, 53, 55, 0, 0, 745, 37474),
(166579, 0, 53, 55, 0, 0, 745, 37474),
(172141, 0, 53, 55, 0, 0, 745, 37474),
(157313, 0, 53, 55, 0, 0, 745, 37474),
(171133, 0, 53, 55, 0, 0, 745, 37474),
(165015, 0, 54, 54, 0, 0, 1340, 37474),
(157515, 0, 60, 60, 0, 0, 837, 37474),
(165049, 0, 54, 54, 0, 0, 1340, 37474),
(165032, 0, 53, 55, 0, 0, 745, 37474),
(171112, 0, 53, 53, 0, 0, 1325, 37474),
(157226, 0, 53, 55, 0, 0, 745, 37474),
(165034, 0, 60, 60, 0, 0, 837, 37474),
(161390, 0, 53, 55, 0, 0, 745, 37474),
(175089, 0, 53, 55, 0, 0, 745, 37474),
(165827, 0, 60, 60, 0, 0, 837, 37474),
(175391, 0, 60, 60, 0, 0, 837, 37474),
(162093, 0, 60, 60, 0, 0, 837, 37474),
(161677, 0, 60, 60, 0, 0, 837, 37474),
(164797, 0, 60, 60, 0, 0, 837, 37474),
(161673, 0, 60, 60, 0, 0, 837, 37474),
(167639, 0, 60, 60, 0, 0, 837, 37474),
(167638, 0, 60, 60, 0, 0, 837, 37474),
(167637, 0, 60, 60, 0, 0, 837, 37474),
(165829, 0, 53, 55, 0, 0, 745, 37474),
(167636, 0, 60, 60, 0, 0, 837, 37474),
(161675, 0, 60, 60, 0, 0, 837, 37474),
(175398, 0, 60, 60, 2, 2, 2060, 37474),
(174002, 0, 60, 60, 0, 0, 837, 37474),
(165335, 0, 60, 60, 0, 0, 837, 37474),
(167640, 0, 60, 60, 0, 0, 837, 37474),
(175144, 0, 54, 54, 0, 0, 1334, 37474),
(161668, 0, 60, 60, 0, 0, 837, 37474),
(161679, 0, 60, 60, 0, 0, 837, 37474),
(168045, 0, 60, 60, 0, 0, 837, 37474),
(167642, 0, 60, 60, 0, 0, 837, 37474),
(161676, 0, 60, 60, 0, 0, 837, 37474),
(167641, 0, 60, 60, 0, 0, 837, 37474),
(157843, 0, 60, 60, 0, 0, 837, 37474),
(157514, 0, 60, 60, 0, 0, 837, 37474),
(157803, 0, 53, 55, 0, 0, 745, 37474),
(167741, 0, 60, 60, 0, 0, 837, 37474),
(161395, 0, 53, 55, 0, 0, 745, 37474),
(161388, 0, 53, 55, 0, 0, 745, 37474),
(167737, 0, 60, 60, 0, 0, 837, 37474),
(163030, 0, 54, 54, 0, 0, 1335, 37474),
(162797, 0, 54, 54, 0, 0, 1335, 37474),
(170159, 0, 53, 53, 0, 0, 1325, 37474),
(162474, 0, 53, 55, 0, 0, 745, 37474),
(167274, 0, 60, 60, 0, 0, 837, 37474),
(162586, 0, 54, 54, 0, 0, 1338, 37474),
(162535, 0, 53, 55, 0, 0, 745, 37474),
(164587, 0, 53, 55, 0, 0, 745, 37474),
(162478, 0, 54, 54, 0, 0, 1338, 37474),
(160958, 0, 54, 54, 0, 0, 1333, 37474),
(173266, 0, 1, 1, 0, 0, 371, 37474),
(173265, 0, 1, 1, 0, 0, 371, 37474),
(173264, 0, 1, 1, 0, 0, 371, 37474),
(173263, 0, 53, 55, 0, 0, 745, 37474),
(157029, 0, 54, 54, 0, 0, 1331, 37474),
(168950, 0, 54, 54, 0, 0, 1333, 37474),
(168947, 0, 53, 53, 0, 0, 1325, 37474),
(174237, 0, 1, 1, 0, 0, 81, 37474),
(170194, 0, 54, 54, 0, 0, 1336, 37474),
(160314, 0, 53, 55, 0, 0, 745, 37474);

REPLACE INTO `creature_template_scaling` (`Entry`, `DifficultyID`, `LevelScalingMin`, `LevelScalingMax`, `LevelScalingDeltaMin`, `LevelScalingDeltaMax`, `ContentTuningID`, `VerifiedBuild`) VALUES
(174792, 0, 60, 60, 0, 0, 837, 37474),
(172573, 0, 60, 60, 0, 0, 2060, 37474),
(157169, 0, 53, 55, 0, 0, 745, 37474),
(160264, 0, 60, 60, 0, 0, 837, 37474),
(161922, 0, 60, 60, 0, 0, 837, 37474),
(157119, 0, 53, 55, 0, 0, 745, 37474),
(168690, 0, 54, 54, 0, 0, 1336, 37474),
(161928, 0, 60, 60, 0, 0, 837, 37474),
(161930, 0, 53, 55, 0, 0, 745, 37474),
(157132, 0, 53, 55, 0, 0, 745, 37474),
(160250, 0, 60, 60, 0, 0, 837, 37474),
(157096, 0, 60, 60, 0, 0, 837, 37474),
(175395, 0, 54, 54, 0, 0, 1333, 37474),
(175396, 0, 60, 60, 0, 0, 837, 37474),
(162108, 0, 53, 55, 0, 0, 745, 37474),
(161285, 0, 53, 55, 0, 0, 745, 37474),
(157076, 0, 60, 60, 0, 0, 837, 37474),
(159685, 0, 60, 60, 0, 0, 837, 37474),
(165766, 0, 53, 55, 0, 0, 745, 37474),
(165663, 0, 60, 60, 0, 0, 2060, 37474),
(92870, 0, 10, 45, 0, 0, 642, 37474),
(174024, 0, 53, 55, 0, 0, 745, 37474),
(162220, 0, 60, 60, 0, 0, 2060, 37474),
(162184, 0, 53, 55, 0, 0, 745, 37474),
(162175, 0, 60, 60, 0, 0, 2060, 37474),
(172413, 0, 53, 55, 0, 0, 745, 37474),
(161189, 0, 53, 55, 0, 0, 745, 37474),
(162218, 0, 60, 60, 0, 0, 837, 37474),
(162388, 0, 60, 60, 0, 0, 2060, 37474),
(166097, 0, 60, 60, 0, 0, 837, 37474),
(168581, 0, 60, 60, 0, 0, 2060, 37474),
(162428, 0, 60, 60, 0, 0, 2060, 37474),
(164798, 0, 60, 60, 0, 0, 2060, 37474),
(159679, 0, 60, 60, 0, 0, 837, 37474),
(165587, 0, 60, 60, 0, 0, 837, 37474),
(159673, 0, 60, 60, 0, 0, 837, 37474),
(164783, 0, 60, 60, 0, 0, 837, 37474),
(162177, 0, 60, 60, 0, 0, 837, 37474),
(172415, 0, 60, 60, 0, 0, 837, 37474),
(175786, 0, 1, 1, 24, 24, 371, 37474),
(175090, 0, 60, 60, 0, 0, 837, 37474),
(169704, 0, 54, 54, 0, 0, 1334, 37474),
(159748, 0, 60, 60, 0, 0, 2060, 37474),
(157058, 0, 60, 60, 2, 2, 2060, 37474),
(169870, 0, 60, 60, 0, 0, 837, 37474),
(170051, 0, 54, 54, 0, 0, 1333, 37474),
(169825, 0, 54, 54, 0, 0, 1334, 37474),
(165397, 0, 53, 55, 0, 0, 745, 37474),
(169895, 0, 51, 53, 0, 0, 743, 37474),
(172420, 0, 53, 55, 0, 0, 745, 37474),
(169926, 0, 60, 60, 0, 0, 837, 37474),
(174573, 0, 54, 54, 0, 0, 1334, 37474),
(169664, 0, 54, 54, 0, 0, 1334, 37474),
(169732, 0, 54, 54, 0, 0, 1336, 37474),
(169731, 0, 53, 55, 0, 0, 745, 37474),
(168711, 0, 53, 55, 0, 0, 745, 37474),
(165232, 0, 53, 55, 0, 0, 745, 37474),
(159707, 0, 54, 54, 0, 0, 1334, 37474),
(169315, 0, 54, 54, 0, 0, 1334, 37474),
(169703, 0, 54, 54, 0, 0, 1336, 37474),
(165044, 0, 54, 54, 0, 0, 1334, 37474),
(170772, 0, 51, 53, 0, 0, 743, 37474),
(164959, 0, 51, 53, 0, 0, 743, 37474),
(164963, 0, 54, 54, 0, 0, 1334, 37474),
(169312, 0, 54, 54, 0, 0, 1334, 37474),
(170756, 0, 51, 53, 0, 0, 743, 37474),
(165072, 0, 54, 54, 0, 0, 1334, 37474),
(165336, 0, 54, 54, 0, 0, 1334, 37474),
(165084, 0, 54, 54, 0, 0, 1334, 37474),
(165002, 0, 53, 55, 0, 0, 745, 37474),
(170376, 0, 51, 53, 0, 0, 743, 37474),
(170369, 0, 51, 53, 0, 0, 743, 37474),
(159759, 0, 54, 54, 0, 0, 1334, 37474),
(165208, 0, 53, 55, 0, 0, 745, 37474),
(159674, 0, 53, 55, 0, 0, 745, 37474),
(165214, 0, 54, 54, 0, 0, 1334, 37474),
(158798, 0, 53, 53, 0, 0, 1325, 37474),
(159683, 0, 51, 53, 0, 0, 743, 37474),
(169574, 0, 54, 54, 0, 0, 1334, 37474),
(159710, 0, 51, 53, 0, 0, 743, 37474),
(169341, 0, 54, 54, 0, 0, 1334, 37474),
(169700, 0, 54, 54, 0, 0, 1333, 37474),
(168342, 0, 54, 54, 0, 0, 1334, 37474),
(160883, 0, 54, 54, 0, 0, 1333, 37474),
(160407, 0, 54, 54, 0, 0, 1333, 37474),
(161018, 0, 54, 54, 0, 0, 1333, 37474),
(161016, 0, 53, 55, 0, 0, 745, 37474),
(164830, 0, 53, 53, 0, 0, 1325, 37474),
(164829, 0, 53, 53, 0, 0, 1325, 37474),
(167458, 0, 54, 54, 0, 0, 1333, 37474),
(157519, 0, 53, 55, 0, 0, 745, 37474),
(168941, 0, 60, 60, 0, 0, 837, 37474),
(169245, 0, 54, 54, 0, 0, 1333, 37474),
(160415, 0, 60, 60, 0, 0, 837, 37474),
(168952, 0, 53, 55, 0, 0, 745, 37474),
(160424, 0, 54, 54, 0, 0, 1333, 37474),
(168951, 0, 54, 54, 0, 0, 1333, 37474),
(162498, 0, 54, 54, 0, 0, 1338, 37474),
(167483, 0, 54, 54, 0, 0, 1333, 37474),
(165366, 0, 54, 54, 0, 0, 1333, 37474),
(168972, 0, 54, 54, 0, 0, 1333, 37474),
(160996, 0, 54, 54, 0, 0, 1333, 37474),
(160474, 0, 54, 54, 0, 0, 1333, 37474),
(160479, 0, 54, 54, 0, 0, 1331, 37474),
(157669, 0, 54, 54, 0, 0, 1333, 37474),
(168479, 0, 60, 60, 0, 0, 837, 37474),
(167271, 0, 54, 54, 0, 0, 1333, 37474),
(168433, 0, 53, 55, 0, 0, 745, 37474),
(168429, 0, 53, 55, 0, 0, 745, 37474),
(162650, 0, 54, 54, 0, 0, 1333, 37474),
(156591, 0, 54, 54, 0, 0, 1333, 37474),
(168946, 0, 53, 53, 0, 0, 1325, 37474),
(161105, 0, 54, 54, 0, 0, 1333, 37474),
(168324, 0, 60, 60, 0, 0, 837, 37474),
(169121, 0, 54, 54, 0, 0, 1336, 37474),
(168339, 0, 54, 54, 0, 0, 1334, 37474),
(168336, 0, 54, 54, 0, 0, 1334, 37474),
(168331, 0, 54, 54, 0, 0, 1334, 37474),
(168322, 0, 54, 54, 0, 0, 1334, 37474),
(144929, 0, 10, 50, 0, 0, 706, 37474),
(169636, 0, 53, 53, 0, 0, 1325, 37474),
(169295, 0, 53, 53, 0, 0, 1325, 37474),
(160540, 0, 51, 53, 0, 0, 743, 37474),
(160272, 0, 53, 55, 0, 0, 745, 37474),
(160567, 0, 51, 53, 0, 0, 743, 37474),
(170101, 0, 53, 55, 0, 0, 745, 37474),
(160211, 0, 51, 53, 0, 0, 743, 37474),
(160218, 0, 51, 53, 0, 0, 743, 37474),
(165349, 0, 54, 54, 0, 0, 1334, 37474),
(165337, 0, 54, 54, 0, 0, 1334, 37474),
(157518, 0, 53, 55, 0, 0, 745, 37474),
(175022, 0, 1, 1, 0, 0, 81, 37474),
(165644, 0, 60, 60, 0, 0, 2060, 37474),
(168424, 0, 53, 53, 0, 0, 1325, 37474),
(176288, 0, 60, 60, 0, 0, 2060, 37474),
(166657, 0, 53, 55, 0, 0, 745, 37474),
(162562, 0, 53, 55, 0, 0, 745, 37474),
(160916, 0, 53, 55, 0, 0, 745, 37474),
(160912, 0, 53, 55, 0, 0, 745, 37474),
(174236, 0, 1, 1, 0, 0, 81, 37474),
(162675, 0, 54, 54, 0, 0, 1332, 37474),
(174410, 0, 54, 54, 0, 0, 1332, 37474),
(162553, 0, 53, 55, 0, 0, 745, 37474),
(162593, 0, 53, 55, 0, 0, 745, 37474),
(166728, 0, 54, 54, 0, 0, 1332, 37474),
(175833, 0, 54, 54, 0, 0, 1332, 37474),
(163415, 0, 54, 54, 0, 0, 1332, 37474),
(168403, 0, 54, 54, 0, 0, 1332, 37474),
(175023, 0, 1, 1, 0, 0, 81, 37474),
(165473, 0, 54, 54, 0, 0, 1336, 37474),
(162732, 0, 60, 60, 0, 0, 837, 37474),
(168859, 0, 60, 60, 0, 0, 837, 37474),
(173274, 0, 1, 1, 0, 0, 371, 37474),
(169249, 0, 54, 54, 0, 0, 1336, 37474),
(169250, 0, 54, 54, 0, 0, 1336, 37474),
(169395, 0, 54, 54, 0, 0, 1336, 37474),
(159893, 0, 54, 54, 0, 0, 1331, 37474),
(165376, 0, 54, 54, 0, 0, 1331, 37474),
(174533, 0, 1, 1, 0, 0, 81, 37474),
(157517, 0, 60, 60, 0, 0, 837, 37474),
(169699, 0, 53, 55, 0, 0, 745, 37474),
(169698, 0, 53, 55, 0, 0, 745, 37474),
(168857, 0, 60, 60, 0, 0, 837, 37474),
(165566, 0, 54, 54, 0, 0, 1336, 37474),
(166186, 0, 35, 50, 0, 0, 188, 37474),
(165549, 0, 54, 54, 0, 0, 1336, 37474),
(165551, 0, 54, 54, 0, 0, 1336, 37474),
(158032, 0, 53, 55, 0, 0, 745, 37474),
(164312, 0, 60, 60, 0, 0, 837, 37474),
(158752, 0, 54, 54, 0, 0, 1336, 37474),
(158566, 0, 54, 54, 0, 0, 1336, 37474),
(158053, 0, 54, 54, 0, 0, 1336, 37474),
(158387, 0, 54, 54, 0, 0, 1336, 37474),
(165561, 0, 54, 54, 0, 0, 1336, 37474),
(174652, 0, 1, 1, 0, 0, 81, 37474),
(168388, 0, 54, 54, 0, 0, 1336, 37474),
(166370, 0, 54, 54, 0, 0, 1336, 37474),
(159757, 0, 54, 54, 0, 0, 1327, 37474),
(173273, 0, 1, 1, 0, 0, 371, 37474),
(173272, 0, 1, 1, 0, 0, 371, 37474),
(173267, 0, 53, 55, 0, 0, 745, 37474),
(173271, 0, 1, 1, 0, 0, 371, 37474),
(159691, 0, 54, 54, 0, 0, 1327, 37474),
(162816, 0, 53, 55, 0, 0, 745, 37474),
(174665, 0, 53, 55, 0, 0, 745, 37474),
(174668, 0, 53, 55, 0, 0, 745, 37474),
(174664, 0, 53, 55, 0, 0, 745, 37474),
(174656, 0, 54, 54, 0, 0, 1331, 37474),
(157516, 0, 60, 60, 0, 0, 837, 37474),
(163038, 0, 53, 55, 0, 0, 745, 37474),
(164928, 0, 53, 55, 0, 0, 745, 37474),
(164063, 0, 54, 54, 0, 0, 1327, 37474),
(164446, 0, 53, 55, 0, 0, 745, 37474),
(160522, 0, 60, 60, 0, 0, 2060, 37474),
(165007, 0, 54, 54, 0, 0, 1327, 37474),
(169521, 0, 53, 55, 0, 0, 745, 37474),
(172485, 0, 60, 60, 0, 0, 2060, 37474),
(171740, 0, 60, 60, 0, 0, 837, 37474),
(172479, 0, 60, 60, 0, 0, 2060, 37474),
(165009, 0, 54, 54, 0, 0, 1327, 37474),
(171140, 0, 60, 60, 0, 0, 837, 37474),
(164544, 0, 53, 55, 0, 0, 745, 37474),
(165008, 0, 54, 54, 0, 0, 1327, 37474),
(168269, 0, 53, 55, 0, 0, 745, 37474),
(164525, 0, 53, 55, 0, 0, 745, 37474),
(160888, 0, 54, 54, 0, 0, 1327, 37474),
(168042, 0, 54, 54, 0, 0, 1327, 37474),
(175162, 0, 54, 54, 0, 0, 1336, 37474),
(171956, 0, 54, 54, 0, 0, 1327, 37474),
(164273, 0, 54, 54, 0, 0, 1327, 37474),
(171092, 0, 54, 54, 0, 0, 1329, 37474),
(167804, 0, 60, 60, 0, 0, 837, 37474),
(167770, 0, 60, 60, 0, 0, 837, 37474),
(167832, 0, 60, 60, 0, 0, 837, 37474),
(167821, 0, 1, 1, 0, 0, 81, 37474),
(167563, 0, 60, 60, 0, 0, 837, 37474),
(174649, 0, 1, 1, 0, 0, 81, 37474),
(168266, 0, 53, 55, 0, 0, 745, 37474),
(175024, 0, 1, 1, 0, 0, 81, 37474),
(170002, 0, 54, 54, 0, 0, 1327, 37474),
(164711, 0, 53, 55, 0, 0, 745, 37474),
(163414, 0, 54, 54, 0, 0, 1327, 37474),
(168453, 0, 54, 54, 0, 0, 1327, 37474),
(171747, 0, 60, 60, 0, 0, 837, 37474),
(171381, 0, 54, 54, 0, 0, 1336, 37474),
(171748, 0, 60, 60, 0, 0, 837, 37474),
(171093, 0, 53, 55, 0, 0, 745, 37474),
(165025, 0, 53, 55, 0, 0, 745, 37474),
(169992, 0, 53, 55, 0, 0, 745, 37474),
(164128, 0, 54, 54, 0, 0, 1327, 37474),
(164713, 0, 53, 55, 0, 0, 745, 37474),
(166373, 0, 60, 60, 0, 0, 837, 37474),
(166358, 0, 60, 60, 0, 0, 837, 37474),
(174813, 0, 60, 60, 0, 0, 837, 37474),
(161613, 0, 53, 55, 0, 0, 745, 37474),
(169129, 0, 53, 55, 0, 0, 745, 37474),
(167923, 0, 54, 54, 0, 0, 1329, 37474),
(167948, 0, 54, 54, 0, 0, 1329, 37474),
(167359, 0, 1, 1, 0, 0, 81, 37474),
(160060, 0, 53, 55, 0, 0, 745, 37474),
(170456, 0, 53, 55, 0, 0, 745, 37474),
(174650, 0, 1, 1, 0, 0, 81, 37474),
(162257, 0, 53, 55, 0, 0, 745, 37474),
(162256, 0, 53, 55, 0, 0, 745, 37474),
(160048, 0, 54, 54, 0, 0, 1329, 37474),
(167949, 0, 54, 54, 0, 0, 1329, 37474),
(167935, 0, 53, 55, 0, 0, 745, 37474),
(168192, 0, 54, 54, 0, 0, 1336, 37474),
(167356, 0, 1, 1, 0, 0, 81, 37474),
(170099, 0, 54, 54, 0, 0, 1335, 37474);

REPLACE INTO `creature_template_scaling` (`Entry`, `DifficultyID`, `LevelScalingMin`, `LevelScalingMax`, `LevelScalingDeltaMin`, `LevelScalingDeltaMax`, `ContentTuningID`, `VerifiedBuild`) VALUES
(170095, 0, 54, 54, 0, 0, 1335, 37474),
(171383, 0, 1, 60, 0, 0, 1291, 37474),
(168216, 0, 53, 55, 0, 0, 745, 37474),
(169184, 0, 54, 54, 0, 0, 1336, 37474),
(168677, 0, 54, 54, 0, 0, 1336, 37474),
(162589, 0, 54, 54, 0, 0, 1338, 37474),
(161537, 0, 60, 60, 0, 0, 837, 37474),
(174654, 0, 1, 1, 0, 0, 81, 37474),
(167335, 0, 53, 55, 0, 0, 745, 37474),
(167395, 0, 53, 53, 0, 0, 1325, 37474),
(166253, 0, 60, 60, 0, 0, 837, 37474),
(162899, 0, 60, 60, 0, 0, 837, 37474),
(162873, 0, 54, 54, 1, 1, 1335, 37474),
(158642, 0, 54, 54, 0, 0, 1336, 37474),
(164507, 0, 53, 55, 0, 0, 745, 37474),
(164492, 0, 53, 55, 0, 0, 745, 37474),
(159830, 0, 53, 55, 0, 0, 745, 37474),
(163224, 0, 53, 55, 0, 0, 745, 37474),
(172656, 0, 53, 55, 0, 0, 745, 37474),
(163043, 0, 53, 55, 0, 0, 745, 37474),
(163032, 0, 54, 54, 0, 0, 1335, 37474),
(161599, 0, 54, 54, 0, 0, 1335, 37474),
(161597, 0, 54, 54, 0, 0, 1335, 37474),
(168147, 0, 60, 60, 2, 2, 2060, 37474),
(161757, 0, 54, 54, 0, 0, 1335, 37474),
(162813, 0, 54, 54, 0, 0, 1335, 37474),
(158071, 0, 53, 53, 0, 0, 1325, 37474),
(162477, 0, 54, 54, 0, 0, 1338, 37474),
(166568, 0, 60, 60, 0, 0, 837, 37474),
(166570, 0, 60, 60, 0, 0, 837, 37474),
(175394, 0, 60, 60, 0, 0, 837, 37474),
(161733, 0, 53, 55, 0, 0, 745, 37474),
(175393, 0, 60, 60, 0, 0, 837, 37474),
(162872, 0, 54, 54, 1, 1, 1335, 37474),
(163041, 0, 60, 60, 0, 0, 837, 37474),
(168440, 0, 53, 55, 0, 0, 745, 37474),
(166424, 0, 60, 60, 0, 0, 837, 37474),
(161697, 0, 53, 55, 0, 0, 745, 37474),
(161696, 0, 53, 55, 0, 0, 745, 37474),
(164833, 0, 53, 53, 0, 0, 1325, 37474),
(166567, 0, 54, 54, 0, 0, 1330, 37474),
(166565, 0, 54, 54, 0, 0, 1330, 37474),
(169697, 0, 60, 60, 0, 0, 837, 37474),
(157540, 0, 60, 60, 0, 0, 837, 37474),
(161712, 0, 53, 55, 0, 0, 745, 37474),
(93008, 0, 1, 1, 0, 0, 81, 37474),
(161702, 0, 53, 55, 0, 0, 745, 37474),
(166564, 0, 60, 60, 0, 0, 837, 37474),
(166420, 0, 53, 55, 0, 0, 745, 37474),
(173003, 0, 53, 55, 0, 0, 745, 37474),
(162880, 0, 54, 54, 1, 1, 1335, 37474),
(166421, 0, 53, 53, 0, 0, 1325, 37474),
(170496, 0, 53, 55, 0, 0, 745, 37474),
(170542, 0, 60, 60, 0, 0, 837, 37474),
(169055, 0, 54, 54, 0, 0, 1336, 37474),
(162853, 0, 54, 54, 1, 1, 1335, 37474),
(168148, 0, 60, 60, 2, 2, 2060, 37474),
(164997, 0, 53, 55, 0, 0, 745, 37474),
(168196, 0, 54, 54, 0, 0, 1329, 37474),
(173200, 0, 1, 1, 0, 0, 81, 37474),
(158040, 0, 53, 53, 0, 0, 1325, 37474),
(170191, 0, 54, 54, 0, 0, 1336, 37474),
(175097, 0, 53, 55, 0, 0, 745, 37474),
(175100, 0, 53, 55, 0, 0, 745, 37474),
(175095, 0, 53, 55, 0, 0, 745, 37474),
(167353, 0, 1, 1, 0, 0, 81, 37474),
(174223, 0, 1, 1, 0, 0, 81, 37474),
(169751, 0, 54, 54, 0, 0, 1336, 37474),
(159856, 0, 54, 54, 0, 0, 1329, 37474),
(176023, 0, 1, 1, 0, 0, 81, 37474),
(176024, 0, 1, 1, 0, 0, 81, 37474),
(174653, 0, 1, 1, 0, 0, 81, 37474),
(162258, 0, 53, 55, 0, 0, 745, 37474),
(167435, 0, 53, 53, 0, 0, 1325, 37474),
(161410, 0, 53, 55, 0, 0, 745, 37474),
(175085, 0, 53, 53, 0, 0, 1325, 37474),
(161399, 0, 53, 55, 0, 0, 745, 37474),
(161890, 0, 53, 55, 0, 0, 745, 37474),
(170971, 0, 60, 60, 0, 0, 837, 37474),
(166423, 0, 53, 55, 0, 0, 745, 37474),
(167747, 0, 60, 60, 0, 0, 837, 37474),
(162259, 0, 53, 55, 0, 0, 745, 37474),
(167273, 0, 54, 54, 0, 0, 1333, 37474),
(161881, 0, 53, 55, 0, 0, 745, 37474),
(167743, 0, 60, 60, 0, 0, 837, 37474),
(161376, 0, 53, 55, 0, 0, 745, 37474),
(166908, 0, 53, 53, 0, 0, 1325, 37474),
(175021, 0, 1, 1, 0, 0, 81, 37474),
(156558, 0, 53, 55, 0, 0, 745, 37474),
(167355, 0, 1, 1, 0, 0, 81, 37474),
(167354, 0, 1, 1, 0, 0, 81, 37474),
(169634, 0, 53, 53, 0, 0, 1325, 37474),
(157671, 0, 54, 54, 0, 0, 1333, 37474),
(161398, 0, 53, 55, 0, 0, 745, 37474),
(160419, 0, 53, 55, 0, 0, 745, 37474),
(160417, 0, 53, 55, 0, 0, 745, 37474),
(165017, 0, 53, 55, 0, 0, 745, 37474),
(160418, 0, 53, 55, 0, 0, 745, 37474),
(164221, 0, 53, 55, 0, 0, 745, 37474),
(165350, 0, 53, 55, 0, 0, 745, 37474),
(167645, 0, 60, 60, 0, 0, 837, 37474),
(167649, 0, 60, 60, 0, 0, 837, 37474),
(165321, 0, 53, 55, 0, 0, 745, 37474),
(173000, 0, 60, 60, 0, 0, 837, 37474),
(172173, 0, 60, 60, 0, 0, 837, 37474),
(164667, 0, 60, 60, 0, 0, 837, 37474),
(174492, 0, 53, 55, 0, 0, 745, 37474),
(174491, 0, 60, 60, 3, 3, 837, 37474),
(174484, 0, 60, 60, 2, 2, 837, 37474),
(174488, 0, 60, 60, 3, 3, 837, 37474),
(169524, 0, 50, 60, 0, 0, 783, 37474),
(165796, 0, 50, 60, 0, 0, 807, 37474),
(166284, 0, 50, 60, 0, 0, 807, 37474),
(175066, 0, 60, 60, 0, 0, 2060, 37474),
(175067, 0, 50, 60, 0, 0, 807, 37474),
(156664, 0, 50, 60, 0, 0, 783, 37474),
(156663, 0, 50, 60, 0, 0, 783, 37474),
(173370, 0, 50, 60, 0, 0, 783, 37474),
(173355, 0, 50, 60, 0, 0, 807, 37474),
(175036, 0, 50, 60, 0, 0, 807, 37474),
(173354, 0, 50, 60, 0, 0, 807, 37474),
(156479, 0, 50, 60, 0, 0, 783, 37474),
(174564, 0, 50, 60, 0, 0, 783, 37474),
(175081, 0, 50, 60, 0, 0, 807, 37474),
(159478, 0, 60, 60, 0, 0, 837, 37474),
(175080, 0, 50, 60, 0, 0, 783, 37474),
(175083, 0, 50, 60, 0, 0, 807, 37474),
(173330, 0, 50, 60, 0, 0, 783, 37474),
(170310, 0, 60, 60, 0, 0, 2060, 37474),
(175082, 0, 50, 60, 0, 0, 807, 37474),
(166312, 0, 50, 60, 0, 0, 807, 37474),
(170607, 0, 50, 60, 0, 0, 783, 37474),
(173327, 0, 50, 60, 0, 0, 783, 37474),
(173353, 0, 50, 60, 0, 0, 807, 37474),
(62822, 0, 1, 60, 0, 0, 872, 37474),
(62821, 0, 1, 60, 0, 0, 872, 37474),
(175212, 0, 50, 60, 0, 0, 807, 37474),
(165654, 0, 58, 60, 3, 3, 746, 37474),
(175215, 0, 1, 60, 0, 0, 1291, 37474),
(176545, 0, 50, 60, 0, 0, 807, 37474),
(162666, 0, 60, 60, 0, 0, 2060, 37474),
(170256, 0, 60, 60, 0, 0, 2060, 37474),
(54638, 0, 1, 60, 0, 0, 181, 37474),
(171822, 0, 50, 60, 0, 0, 807, 37474),
(175016, 0, 51, 51, 0, 0, 1314, 37474),
(175035, 0, 50, 60, 0, 0, 807, 37474),
(173357, 0, 50, 60, 0, 0, 783, 37474),
(162928, 0, 60, 60, 0, 0, 2060, 37474),
(165657, 0, 50, 60, 0, 0, 783, 37474),
(164596, 0, 50, 60, 0, 0, 783, 37474),
(175214, 0, 50, 60, 0, 0, 807, 37474),
(173352, 0, 50, 60, 0, 0, 807, 37474),
(173356, 0, 50, 60, 0, 0, 807, 37474),
(176332, 0, 50, 60, 0, 0, 783, 37474),
(170557, 0, 50, 60, 0, 0, 783, 37474),
(156768, 0, 50, 60, 0, 0, 783, 37474),
(165405, 0, 50, 60, 0, 0, 783, 37474),
(173301, 0, 50, 60, 0, 0, 783, 37474),
(173350, 0, 50, 60, 0, 0, 783, 37474),
(164686, 0, 50, 60, 0, 0, 783, 37474),
(173305, 0, 50, 60, 0, 0, 783, 37474),
(164685, 0, 50, 60, 0, 0, 783, 37474),
(173302, 0, 50, 60, 0, 0, 783, 37474),
(164352, 0, 50, 60, 0, 0, 783, 37474),
(175018, 0, 50, 60, 0, 0, 807, 37474),
(175017, 0, 1, 60, 0, 0, 1291, 37474),
(175042, 0, 50, 60, 0, 0, 807, 37474),
(164353, 0, 50, 60, 0, 0, 783, 37474),
(156688, 0, 50, 60, 0, 0, 783, 37474),
(166307, 0, 50, 60, 0, 0, 783, 37474),
(175020, 0, 50, 60, 0, 0, 807, 37474),
(173348, 0, 50, 60, 0, 0, 783, 37474),
(164173, 0, 60, 60, 0, 0, 2060, 37474),
(167880, 0, 50, 60, 0, 0, 783, 37474),
(162929, 0, 50, 60, 0, 0, 783, 37474),
(175208, 0, 51, 51, 0, 0, 1314, 37474),
(175206, 0, 50, 60, 0, 0, 807, 37474),
(173367, 0, 50, 60, 0, 0, 783, 37474),
(175222, 0, 50, 60, 0, 0, 807, 37474),
(164803, 0, 50, 60, 0, 0, 783, 37474),
(167881, 0, 50, 60, 0, 0, 783, 37474),
(173304, 0, 50, 60, 0, 0, 783, 37474),
(121541, 0, 45, 45, 0, 0, 336, 37474),
(166061, 0, 50, 60, 0, 0, 783, 37474),
(172702, 0, 50, 60, 0, 0, 783, 37474),
(173300, 0, 50, 60, 0, 0, 783, 37474),
(173325, 0, 50, 60, 0, 0, 783, 37474),
(164123, 0, 50, 60, 0, 0, 783, 37474),
(156735, 0, 50, 60, 0, 0, 783, 37474),
(156734, 0, 50, 60, 0, 0, 783, 37474),
(173318, 0, 50, 60, 0, 0, 783, 37474),
(173118, 0, 50, 60, 0, 0, 783, 37474),
(175087, 0, 50, 60, 0, 0, 807, 37474),
(156769, 0, 50, 60, 0, 0, 783, 37474),
(171796, 0, 50, 60, 0, 0, 807, 37474),
(175207, 0, 50, 60, 0, 0, 807, 37474),
(156698, 0, 50, 60, 0, 0, 783, 37474),
(173364, 0, 50, 60, 0, 0, 783, 37474),
(165403, 0, 60, 60, 0, 0, 2060, 37474),
(156758, 0, 50, 60, 0, 0, 783, 37474),
(173668, 0, 60, 60, 0, 0, 709, 37474),
(175127, 0, 60, 60, 0, 0, 709, 37474),
(175009, 0, 60, 60, 0, 0, 709, 37474),
(175025, 0, 60, 60, 0, 0, 709, 37474);

REPLACE INTO `creature_template_addon` (`entry`, `path_id`, `mount`, `bytes1`, `bytes2`, `emote`, `aiAnimKit`, `movementAnimKit`, `meleeAnimKit`, `auras`) VALUES
(162918, 0, 0, 0, 1, 0, 0, 0, 0, ''), -- 162918
(114665, 0, 0, 0, 1, 0, 0, 0, 0, ''), -- 114665
(164096, 0, 0, 0, 1, 0, 0, 0, 0, ''), -- 164096
(174922, 0, 0, 0, 1, 0, 0, 0, 0, ''), -- 174922
(168011, 0, 0, 0, 0, 0, 0, 0, 0, ''), -- 168011
(164095, 0, 0, 0, 1, 0, 0, 0, 0, ''), -- 164095
(171787, 0, 0, 0, 0, 0, 0, 0, 0, ''), -- 171787
(175213, 0, 0, 0, 1, 0, 0, 0, 0, ''), -- 175213
(171790, 0, 0, 0, 1, 0, 0, 0, 0, '320704'), -- 171790 - Anima Resource
(170651, 0, 0, 1, 1, 0, 0, 0, 0, ''), -- 170651
(55370, 0, 0, 50331648, 1, 0, 0, 0, 0, ''), -- 55370
(167591, 0, 0, 50331648, 1, 0, 0, 0, 0, ''), -- 167591
(171299, 0, 0, 0, 1, 0, 0, 0, 0, ''), -- 171299
(162896, 0, 0, 0, 1, 0, 0, 0, 0, ''), -- 162896
(171821, 0, 0, 0, 1, 0, 0, 0, 0, ''), -- 171821
(170153, 0, 0, 0, 1, 0, 0, 0, 0, ''), -- 170153
(176067, 0, 0, 0, 1, 0, 0, 0, 0, ''), -- 176067
(176066, 0, 0, 0, 1, 0, 0, 0, 0, ''), -- 176066
(176368, 0, 0, 0, 1, 0, 0, 0, 0, ''), -- 176368
(164579, 0, 0, 0, 1, 0, 0, 0, 0, ''), -- 164579
(164079, 0, 0, 0, 256, 0, 0, 0, 0, ''), -- Highlord Bolvar Fordragon
(171795, 0, 0, 0, 1, 0, 0, 0, 0, ''), -- Lady Moonberry
(175218, 0, 0, 50331648, 1, 0, 0, 0, 0, ''), -- 175218
(176064, 0, 0, 0, 1, 0, 0, 0, 0, ''), -- 176064
(176065, 0, 0, 0, 1, 0, 0, 0, 0, ''), -- 176065
(173386, 0, 0, 0, 1, 0, 0, 0, 0, ''), -- 173386
(173388, 0, 0, 0, 0, 0, 0, 0, 0, ''), -- 173388
(164099, 0, 0, 0, 1, 0, 0, 0, 0, ''), -- 164099
(164098, 0, 0, 0, 1, 0, 0, 0, 0, ''), -- 164098
(156504, 0, 0, 0, 1, 0, 0, 0, 0, ''), -- 156504
(164684, 0, 0, 0, 1, 0, 0, 0, 0, ''), -- 164684
(164100, 0, 0, 0, 1, 0, 0, 0, 0, ''), -- 164100
(171589, 0, 0, 0, 1, 0, 0, 0, 0, ''), -- 171589
(164078, 0, 0, 0, 1, 0, 0, 0, 0, ''), -- 164078
(156791, 0, 0, 0, 1, 0, 0, 0, 0, ''), -- 156791
(173369, 0, 0, 0, 1, 0, 0, 0, 0, ''), -- 173369
(170640, 0, 0, 0, 1, 0, 0, 0, 0, ''), -- 170640
(175019, 0, 0, 0, 0, 0, 0, 0, 0, '333495'), -- 175019 - Carry Crate
(175216, 0, 0, 0, 1, 0, 0, 0, 0, ''), -- 175216
(170908, 0, 0, 1, 0, 0, 0, 0, 0, ''), -- 170908
(164882, 0, 0, 0, 0, 0, 0, 0, 0, ''), -- 164882
(164879, 0, 0, 0, 1, 0, 0, 0, 0, '283920'), -- 164879 - Carry Bowl
(164878, 0, 0, 0, 1, 0, 0, 0, 0, ''), -- 164878
(168741, 0, 0, 1, 1, 0, 0, 0, 0, ''), -- 168741
(166008, 0, 0, 0, 1, 0, 0, 0, 0, ''), -- 166008
(172399, 0, 0, 0, 1, 0, 0, 0, 0, ''), -- 172399
(170778, 0, 94928, 0, 1, 0, 0, 0, 0, ''), -- 170778
(165998, 0, 0, 0, 1, 0, 0, 0, 0, ''), -- 165998
(162818, 0, 0, 0, 1, 0, 0, 0, 0, ''), -- 162818
(164886, 0, 0, 0, 1, 0, 0, 0, 0, ''), -- 164886
(162819, 0, 0, 0, 1, 0, 0, 0, 0, ''), -- 162819
(172395, 0, 0, 0, 1, 0, 0, 0, 0, ''), -- 172395
(164899, 0, 0, 0, 1, 0, 0, 0, 0, ''), -- 164899
(172505, 0, 0, 0, 1, 0, 0, 0, 0, ''), -- 172505
(172401, 0, 0, 50331648, 1, 0, 0, 0, 0, ''), -- 172401
(172390, 0, 0, 0, 1, 0, 0, 0, 0, ''), -- 172390
(157683, 0, 0, 0, 1, 0, 0, 0, 0, ''), -- 157683
(172388, 0, 0, 0, 1, 0, 0, 0, 0, ''), -- 172388
(172397, 0, 0, 0, 1, 0, 0, 0, 0, ''), -- 172397
(164905, 0, 97986, 0, 1, 0, 0, 0, 0, ''), -- 164905
(170969, 0, 0, 0, 1, 0, 0, 0, 0, ''), -- 170969
(157682, 0, 0, 0, 1, 0, 0, 0, 0, ''), -- 157682
(164913, 0, 0, 0, 1, 0, 0, 0, 0, '331510'), -- 164913 - Death Wish
(172398, 0, 0, 0, 1, 0, 0, 0, 0, ''), -- 172398
(164834, 0, 0, 0, 1, 0, 0, 0, 0, '323554'), -- 164834 - Keen Eyes
(164884, 0, 0, 1, 1, 0, 0, 0, 0, '323486'), -- 164884 - Dual Wield
(170994, 0, 0, 0, 1, 0, 0, 0, 0, ''), -- 170994
(165970, 0, 0, 0, 1, 0, 0, 0, 0, ''), -- 165970
(170996, 0, 0, 0, 1, 0, 0, 0, 0, '333472'), -- 170996 - Carry Candle
(170573, 0, 0, 0, 1, 0, 0, 0, 0, ''), -- 170573
(170563, 0, 0, 0, 1, 0, 0, 0, 0, ''), -- 170563
(170562, 0, 0, 0, 1, 0, 0, 0, 0, ''), -- 170562
(170551, 0, 0, 0, 1, 0, 0, 0, 0, ''), -- 170551
(171169, 0, 0, 0, 0, 0, 0, 0, 0, ''), -- 171169
(157665, 0, 0, 0, 1, 0, 0, 0, 0, ''), -- 157665
(158794, 0, 0, 0, 0, 0, 0, 0, 0, ''), -- 158794
(169864, 0, 0, 50331648, 1, 0, 0, 0, 0, ''), -- 169864
(157654, 0, 0, 0, 1, 0, 0, 0, 0, ''), -- 157654
(170550, 0, 0, 0, 1, 0, 0, 0, 0, ''), -- 170550
(167817, 0, 0, 0, 1, 0, 0, 0, 0, ''), -- 167817
(170558, 0, 0, 0, 0, 0, 0, 0, 0, ''), -- 170558
(164885, 0, 0, 0, 0, 0, 0, 0, 0, ''), -- 164885
(170955, 0, 0, 0, 1, 0, 0, 0, 0, ''), -- 170955
(164860, 0, 0, 0, 1, 0, 0, 0, 0, ''), -- 164860
(170954, 0, 0, 0, 1, 0, 0, 0, 0, ''), -- 170954
(156208, 0, 0, 0, 1, 0, 0, 0, 0, ''), -- 156208
(170583, 0, 0, 0, 1, 0, 0, 0, 0, ''), -- 170583
(173948, 0, 0, 0, 1, 0, 0, 0, 0, ''), -- 173948
(170963, 0, 0, 0, 1, 0, 0, 0, 0, '339898'), -- 170963 - Cosmetic Sparks
(170962, 0, 0, 0, 1, 0, 16024, 0, 0, ''), -- 170962
(170582, 0, 0, 0, 1, 0, 0, 0, 0, ''), -- 170582
(164880, 0, 0, 0, 0, 0, 0, 0, 0, ''), -- 164880
(170580, 0, 0, 0, 1, 0, 0, 0, 0, ''), -- 170580
(164877, 0, 0, 0, 0, 0, 0, 0, 0, ''), -- 164877
(164824, 0, 0, 0, 1, 0, 0, 0, 0, ''), -- 164824
(164848, 0, 0, 0, 0, 0, 0, 0, 0, ''), -- 164848
(164847, 0, 0, 0, 1, 0, 0, 0, 0, ''), -- 164847
(170931, 0, 0, 0, 1, 0, 0, 0, 0, ''), -- 170931
(164836, 0, 0, 0, 1, 0, 0, 0, 0, ''), -- 164836
(170956, 0, 0, 0, 0, 0, 0, 0, 0, ''), -- 170956
(164864, 0, 0, 0, 1, 0, 0, 0, 0, ''), -- 164864
(170991, 0, 0, 0, 1, 0, 0, 0, 0, ''), -- 170991
(173943, 0, 0, 0, 1, 0, 0, 0, 0, ''), -- 173943
(164840, 0, 0, 0, 1, 0, 0, 0, 0, ''), -- 164840
(168692, 0, 0, 50331648, 1, 0, 0, 0, 0, ''), -- 168692
(164838, 0, 0, 0, 1, 0, 0, 0, 0, ''), -- 164838
(170992, 0, 0, 0, 1, 0, 0, 0, 0, ''), -- 170992
(170923, 0, 0, 0, 1, 0, 0, 0, 0, ''), -- 170923
(169432, 0, 0, 262144, 1, 0, 0, 0, 0, ''), -- 169432
(170553, 0, 0, 0, 0, 0, 0, 0, 0, '333495'), -- 170553 - Carry Crate
(164845, 0, 0, 0, 1, 0, 0, 0, 0, '315493'), -- 164845 - Cosmetic - Offhand Book
(174222, 0, 0, 0, 1, 0, 0, 0, 0, ''), -- 174222
(174221, 0, 0, 0, 1, 0, 0, 0, 0, ''), -- 174221
(170893, 0, 0, 50331648, 1, 0, 0, 0, 0, ''), -- 170893
(170891, 0, 0, 0, 1, 0, 0, 0, 0, ''), -- 170891
(170901, 0, 96469, 0, 1, 0, 0, 0, 0, ''), -- 170901
(171358, 0, 0, 0, 1, 0, 0, 0, 0, ''), -- 171358
(171419, 0, 0, 0, 1, 0, 0, 0, 0, ''), -- 171419
(173944, 0, 0, 0, 0, 0, 0, 0, 0, ''), -- 173944
(166437, 0, 0, 0, 1, 0, 0, 0, 0, ''), -- 166437
(136163, 0, 0, 0, 1, 0, 0, 0, 0, ''), -- 136163
(163119, 0, 0, 0, 1, 0, 0, 0, 0, ''), -- 163119
(173018, 0, 0, 0, 1, 0, 0, 0, 0, ''), -- 173018
(173026, 0, 0, 0, 1, 0, 0, 0, 0, ''), -- 173026
(166129, 0, 0, 0, 1, 0, 0, 0, 0, ''), -- 166129
(176421, 0, 0, 0, 1, 0, 0, 0, 0, ''), -- 176421
(175312, 0, 0, 0, 1, 0, 0, 0, 0, ''), -- 175312
(175371, 0, 0, 0, 1, 0, 0, 0, 0, ''), -- 175371
(172680, 0, 0, 0, 1, 0, 0, 0, 0, ''), -- 172680
(175370, 0, 0, 1, 1, 0, 0, 0, 0, ''), -- 175370
(175310, 0, 0, 0, 257, 0, 0, 0, 0, ''), -- Mellisa Fate
(175311, 0, 0, 0, 1, 0, 0, 0, 0, ''), -- 175311
(161988, 0, 0, 0, 0, 0, 0, 0, 0, ''), -- Alexandros Mograine
(161985, 0, 0, 0, 1, 0, 0, 0, 0, ''), -- 161985
(167207, 0, 0, 0, 1, 0, 0, 0, 0, ''), -- 167207
(161907, 0, 0, 0, 1, 0, 0, 0, 0, ''), -- 161907
(175314, 0, 0, 0, 1, 0, 0, 0, 0, '322217'), -- 175314 - 9.0 Carry Maldraxxus Armor
(167210, 0, 0, 0, 1, 0, 0, 0, 0, ''), -- 167210
(167208, 0, 0, 33554432, 1, 0, 0, 0, 0, '155059'), -- 167208 - Hologram-ify
(167201, 0, 0, 0, 0, 0, 0, 0, 0, ''), -- Gatherer Zaya
(172176, 0, 0, 0, 0, 0, 0, 0, 0, ''), -- 172176
(165347, 0, 0, 0, 1, 0, 0, 0, 0, '321988'), -- 165347 - Carry Vase, Filled with Crystals, With Kneeling
(168685, 0, 0, 0, 0, 0, 0, 0, 0, ''), -- 168685
(167748, 0, 0, 0, 1, 0, 0, 0, 0, '337016'), -- 167748 - Soul Warden Spell Visual
(165431, 0, 0, 0, 1, 0, 0, 0, 0, '321990'), -- 165431 - Carry Candle
(175998, 0, 0, 0, 1, 0, 0, 0, 0, ''), -- 175998
(161904, 0, 0, 0, 1, 0, 0, 0, 0, ''), -- 161904
(161909, 0, 0, 0, 0, 0, 0, 0, 0, ''), -- 161909
(167205, 0, 0, 0, 1, 0, 0, 0, 0, ''), -- 167205
(161905, 0, 0, 0, 1, 0, 0, 0, 0, ''), -- 161905
(175791, 0, 0, 0, 1, 0, 0, 0, 0, '321990'), -- 175791 - Carry Candle
(175136, 0, 0, 0, 1, 0, 0, 0, 0, ''), -- 175136
(174505, 0, 0, 0, 0, 0, 0, 0, 0, ''), -- 174505
(173022, 0, 0, 0, 1, 0, 0, 0, 0, ''), -- 173022
(161994, 0, 0, 0, 1, 0, 0, 0, 0, ''), -- 161994
(158339, 0, 0, 0, 0, 0, 0, 0, 0, '344880'), -- 158339 - Carry Candle
(164915, 0, 0, 3, 1, 0, 0, 0, 0, ''), -- 164915
(167209, 0, 0, 0, 1, 0, 0, 0, 0, ''), -- 167209
(175963, 0, 0, 0, 1, 0, 0, 0, 0, ''), -- 175963
(164712, 0, 0, 0, 1, 0, 0, 0, 0, ''), -- 164712
(175784, 0, 0, 0, 1, 0, 0, 0, 0, ''), -- Gelatinous
(176355, 0, 0, 0, 1, 0, 0, 0, 0, ''), -- 176355
(164759, 0, 0, 0, 1, 0, 0, 0, 0, ''), -- 164759
(164758, 0, 0, 0, 1, 0, 0, 0, 0, ''), -- 164758
(171599, 0, 0, 0, 1, 0, 0, 0, 0, ''), -- 171599
(171415, 0, 0, 0, 1, 0, 0, 0, 0, '334479'), -- 171415 - On Spawn Slime Perimeter (DNT)
(169999, 0, 0, 50397184, 1, 0, 0, 0, 0, ''), -- 169999
(171294, 0, 0, 0, 1, 0, 0, 0, 0, '123169'), -- 171294 - Mod Scale 105-110%
(171292, 0, 0, 0, 1, 0, 0, 0, 0, '123169 331874'), -- 171292 - Mod Scale 105-110%, Touch of Plague
(171289, 0, 0, 0, 1, 0, 0, 0, 0, '123169'), -- 171289 - Mod Scale 105-110%
(171290, 0, 0, 0, 1, 0, 0, 0, 0, '123169'), -- 171290 - Mod Scale 105-110%
(157509, 0, 0, 0, 1, 0, 0, 0, 0, ''), -- 157509
(166335, 0, 0, 0, 1, 0, 0, 0, 0, '244807'), -- 166335 - Anim Replacement - New Drunk
(160253, 0, 0, 0, 1, 0, 0, 0, 0, ''), -- 160253
(164482, 0, 0, 0, 1, 0, 0, 0, 0, ''), -- Invisible Stalker
(158406, 0, 0, 0, 1, 0, 0, 0, 0, '308850'), -- 158406 - Vile Emission
(165014, 0, 0, 0, 1, 0, 0, 0, 0, '123169'), -- 165014 - Mod Scale 105-110%
(167358, 0, 0, 0, 1, 0, 0, 0, 0, ''), -- 167358
(165027, 0, 0, 0, 1, 0, 0, 0, 0, '123169'), -- 165027 - Mod Scale 105-110%
(171217, 0, 0, 0, 1, 0, 0, 0, 0, '244807'), -- 171217 - Anim Replacement - New Drunk
(171129, 0, 0, 0, 1, 0, 0, 0, 0, '319502'), -- 171129 - Cosmetic - Slime Cauldron
(157945, 0, 0, 0, 1, 0, 0, 0, 0, ''), -- 157945
(161380, 0, 0, 0, 1, 0, 0, 0, 0, '259900'), -- 161380 - Stirring
(165052, 0, 0, 0, 1, 0, 0, 0, 0, '315493'), -- 165052 - Cosmetic - Offhand Book
(161841, 0, 0, 0, 1, 0, 0, 0, 0, ''), -- 161841
(171130, 0, 0, 0, 1, 0, 0, 0, 0, '244807'), -- 171130 - Anim Replacement - New Drunk
(171135, 0, 0, 0, 1, 0, 0, 0, 0, ''), -- 171135
(166579, 0, 0, 0, 1, 0, 0, 0, 0, '315493'), -- 166579 - Cosmetic - Offhand Book
(172141, 0, 0, 0, 1, 0, 0, 0, 0, ''), -- 172141
(157313, 0, 0, 0, 1, 0, 0, 0, 0, ''), -- 157313
(171133, 0, 0, 0, 1, 0, 0, 0, 0, ''), -- 171133
(165015, 0, 0, 0, 1, 0, 0, 0, 0, '282999'), -- 165015 - Anim Replacement - New Drunk
(157515, 0, 0, 0, 257, 0, 0, 0, 0, ''), -- 157515
(165049, 0, 0, 0, 1, 0, 0, 0, 0, ''), -- 165049
(165032, 0, 0, 0, 1, 0, 0, 0, 0, ''), -- 165032
(171112, 0, 0, 0, 0, 0, 0, 0, 0, ''), -- 171112
(157226, 0, 0, 0, 1, 0, 0, 0, 0, '306664 306722'), -- 157226 - Mixing Pool, Viscous Oil
(165034, 0, 0, 0, 257, 0, 0, 0, 0, ''), -- 165034
(161390, 0, 0, 0, 1, 0, 0, 0, 0, ''), -- 161390
(175089, 0, 0, 0, 1, 0, 0, 0, 0, ''), -- 175089
(165827, 0, 0, 0, 1, 0, 0, 0, 0, ''), -- 165827
(175391, 0, 0, 0, 1, 0, 0, 0, 0, ''), -- 175391
(162093, 0, 0, 0, 1, 0, 0, 0, 0, ''), -- 162093
(161677, 0, 0, 0, 1, 0, 0, 0, 0, ''), -- 161677
(164797, 0, 0, 0, 1, 0, 0, 0, 0, '320796'), -- 164797 - 9.0 Carry Maldraxxus Barrel
(161673, 0, 0, 0, 1, 0, 0, 0, 0, ''), -- 161673
(167639, 0, 0, 0, 1, 0, 0, 0, 0, '244867'), -- 167639 - 8.0 Carry Sack New Anim
(167638, 0, 0, 0, 1, 0, 0, 0, 0, ''), -- 167638
(167637, 0, 0, 0, 1, 0, 0, 0, 0, ''), -- 167637
(165829, 0, 0, 0, 1, 0, 0, 0, 0, ''), -- 165829
(167636, 0, 0, 0, 1, 0, 0, 0, 0, '326244'), -- 167636 - Play Lute
(161675, 0, 0, 0, 1, 0, 0, 0, 0, ''), -- 161675
(175398, 0, 0, 1, 257, 0, 0, 0, 0, ''), -- 175398
(174002, 0, 0, 0, 1, 0, 0, 0, 0, ''), -- 174002
(165335, 0, 0, 0, 1, 0, 0, 0, 0, ''), -- 165335
(167640, 0, 96544, 0, 1, 0, 0, 0, 0, ''), -- 167640
(175144, 0, 0, 0, 1, 0, 0, 0, 0, ''), -- 175144
(161668, 0, 0, 0, 1, 0, 0, 0, 0, ''), -- 161668
(161679, 0, 0, 0, 1, 0, 0, 0, 0, ''), -- 161679
(168045, 0, 0, 0, 1, 0, 0, 0, 0, ''), -- 168045
(167642, 0, 0, 0, 1, 0, 0, 0, 0, ''), -- 167642
(161676, 0, 0, 0, 1, 0, 0, 0, 0, ''), -- 161676
(167641, 0, 0, 0, 1, 0, 0, 0, 0, ''), -- 167641
(157843, 0, 0, 0, 1, 0, 0, 0, 0, ''), -- 157843
(157514, 0, 0, 0, 257, 0, 0, 0, 0, ''), -- 157514
(157803, 0, 0, 0, 1, 0, 0, 0, 0, '307830'), -- 157803 - Archon Fragment
(167741, 0, 0, 0, 0, 0, 0, 0, 0, ''), -- 167741
(161395, 0, 0, 0, 1, 0, 0, 0, 0, ''), -- 161395
(161388, 0, 0, 0, 1, 0, 0, 0, 0, ''), -- 161388
(167737, 0, 0, 0, 1, 0, 0, 0, 0, ''), -- 167737
(163030, 0, 0, 0, 1, 0, 0, 0, 0, ''), -- 163030
(162797, 0, 0, 0, 1, 0, 0, 0, 0, '328929'), -- 162797 - Tantrum
(170159, 0, 0, 1, 257, 0, 0, 0, 0, ''), -- 170159
(162474, 0, 0, 0, 1, 0, 0, 0, 0, ''), -- 162474
(167274, 0, 0, 0, 1, 0, 0, 0, 0, ''), -- 167274
(162586, 0, 0, 0, 1, 0, 0, 0, 0, ''), -- 162586
(162535, 0, 0, 0, 1, 0, 0, 0, 0, ''), -- 162535
(164587, 0, 0, 0, 1, 0, 0, 0, 0, ''), -- 164587
(162478, 0, 0, 262144, 1, 0, 0, 0, 0, '154470'), -- 162478 - Permanent Feign Death (Flies)
(160958, 0, 0, 0, 1, 0, 0, 0, 0, ''), -- 160958
(173266, 0, 0, 50331648, 1, 0, 0, 0, 0, ''), -- Leftovers
(173265, 0, 0, 0, 1, 0, 0, 0, 0, ''), -- Leftovers
(173264, 0, 0, 0, 1, 0, 0, 0, 0, ''), -- Leftovers
(173263, 0, 0, 0, 1, 0, 0, 0, 0, ''), -- Rotgut
(157029, 0, 0, 0, 1, 0, 0, 0, 0, ''), -- 157029
(168950, 0, 0, 0, 1, 0, 0, 0, 0, ''), -- 168950
(168947, 0, 0, 0, 0, 0, 0, 0, 0, ''), -- 168947
(174237, 0, 0, 3, 1, 0, 0, 0, 0, ''), -- 174237
(170194, 0, 0, 0, 1, 0, 0, 0, 0, ''), -- 170194
(160314, 0, 0, 50331648, 1, 0, 0, 0, 0, ''); -- 160314

REPLACE INTO `creature_template_addon` (`entry`, `path_id`, `mount`, `bytes1`, `bytes2`, `emote`, `aiAnimKit`, `movementAnimKit`, `meleeAnimKit`, `auras`) VALUES
(174792, 0, 0, 0, 1, 0, 0, 0, 0, ''), -- 174792
(172573, 0, 0, 0, 1, 0, 0, 0, 0, ''), -- Khaliiq
(157169, 0, 0, 262144, 1, 0, 0, 0, 0, ''), -- 157169
(160264, 0, 0, 0, 1, 0, 0, 0, 0, ''), -- 160264
(161922, 0, 0, 0, 1, 0, 0, 0, 0, '323022'), -- 161922 - Bone Growth
(157119, 0, 0, 262144, 1, 0, 0, 0, 0, ''), -- 157119
(168690, 0, 0, 50331648, 1, 0, 0, 0, 0, ''), -- 168690
(161928, 0, 0, 0, 0, 0, 0, 0, 0, ''), -- 161928
(161930, 0, 0, 0, 1, 0, 0, 0, 0, ''), -- 161930
(157132, 0, 0, 262144, 1, 0, 0, 0, 0, ''), -- 157132
(160250, 0, 0, 0, 1, 0, 0, 0, 0, ''), -- 160250
(157096, 0, 0, 0, 1, 0, 0, 0, 0, ''), -- 157096
(175395, 0, 0, 1, 1, 0, 0, 0, 0, ''), -- 175395
(175396, 0, 0, 0, 257, 0, 0, 0, 0, ''), -- 175396
(162108, 0, 0, 0, 1, 0, 0, 0, 0, ''), -- 162108
(161285, 0, 0, 0, 1, 0, 0, 0, 0, ''), -- 161285
(157076, 0, 0, 0, 1, 0, 0, 0, 0, ''), -- 157076
(159685, 0, 0, 0, 1, 0, 0, 0, 0, ''), -- 159685
(165766, 0, 0, 262144, 1, 0, 0, 0, 0, ''), -- 165766
(165663, 0, 0, 0, 1, 0, 0, 0, 0, ''), -- 165663
(92870, 0, 0, 50331648, 1, 0, 0, 0, 0, ''), -- 92870
(174024, 0, 0, 0, 1, 0, 0, 0, 0, '151051'), -- 174024 - Mod Scale 70-130%
(162220, 0, 0, 0, 1, 0, 0, 0, 0, ''), -- 162220
(162184, 0, 0, 262144, 1, 0, 0, 0, 0, '154470'), -- 162184 - Permanent Feign Death (Flies)
(162175, 0, 0, 0, 1, 0, 0, 0, 0, ''), -- 162175
(172413, 0, 0, 0, 1, 0, 0, 0, 0, ''), -- 172413
(161189, 0, 0, 0, 1, 0, 0, 0, 0, '295709'), -- 161189 - Shadowy Ghost Visual
(162218, 0, 0, 0, 1, 0, 0, 0, 0, ''), -- 162218
(162388, 0, 0, 0, 1, 0, 0, 0, 0, ''), -- 162388
(166097, 0, 0, 0, 1, 0, 0, 0, 0, ''), -- 166097
(168581, 0, 0, 0, 0, 0, 0, 0, 0, ''), -- 168581
(162428, 0, 0, 0, 1, 0, 0, 0, 0, ''), -- 162428
(164798, 0, 0, 0, 1, 0, 0, 0, 0, ''), -- 164798
(159679, 0, 0, 0, 1, 0, 0, 0, 0, ''), -- 159679
(165587, 0, 0, 0, 1, 0, 0, 0, 0, ''), -- 165587
(159673, 0, 0, 0, 1, 0, 0, 0, 0, ''), -- 159673
(164783, 0, 0, 0, 1, 0, 0, 0, 0, ''), -- 164783
(162177, 0, 0, 0, 1, 0, 0, 0, 0, ''), -- 162177
(172415, 0, 0, 0, 1, 0, 0, 0, 0, ''), -- 172415
(175786, 0, 0, 0, 1, 0, 0, 0, 0, ''), -- Glurp
(175090, 0, 0, 0, 1, 0, 0, 0, 0, ''), -- 175090
(169704, 0, 0, 0, 1, 0, 0, 0, 0, ''), -- 169704
(159748, 0, 0, 0, 1, 0, 0, 0, 0, ''), -- 159748
(157058, 0, 0, 0, 1, 0, 0, 0, 0, ''), -- 157058
(169870, 0, 0, 262144, 1, 0, 0, 0, 0, ''), -- 169870
(170051, 0, 0, 262144, 1, 0, 0, 0, 0, ''), -- 170051
(169825, 0, 0, 0, 1, 0, 0, 0, 0, ''), -- 169825
(165397, 0, 0, 0, 1, 0, 0, 0, 0, ''), -- 165397
(169895, 0, 0, 0, 1, 0, 0, 0, 0, ''), -- 169895
(172420, 0, 0, 50331648, 1, 0, 0, 0, 0, ''), -- 172420
(169926, 0, 0, 0, 1, 0, 0, 0, 0, ''), -- Margrave Gharmal
(174573, 0, 0, 0, 1, 0, 0, 0, 0, ''), -- 174573
(169664, 0, 0, 262144, 1, 0, 0, 0, 0, ''), -- 169664
(169732, 0, 0, 50331648, 1, 0, 0, 0, 0, ''), -- 169732
(169731, 0, 0, 3, 1, 0, 0, 0, 0, ''), -- 169731
(168711, 0, 0, 0, 1, 0, 0, 0, 0, ''), -- 168711
(165232, 0, 0, 262144, 1, 0, 20814, 0, 0, '330763'), -- 165232 - Anima Infusion
(159707, 0, 0, 0, 0, 0, 0, 0, 0, '315493'), -- 159707 - Cosmetic - Offhand Book
(169315, 0, 0, 0, 0, 0, 0, 0, 0, ''), -- 169315
(169703, 0, 0, 0, 1, 0, 0, 0, 0, ''), -- 169703
(165044, 0, 0, 0, 1, 0, 0, 0, 0, ''), -- 165044
(170772, 0, 0, 262144, 1, 0, 0, 0, 0, '159474'), -- 170772 - Permanent Feign Death (NO Stun, Untrackable, Immune)
(164959, 0, 0, 262144, 1, 0, 0, 0, 0, ''), -- 164959
(164963, 0, 0, 0, 1, 0, 0, 0, 0, '321194'), -- 164963 - Abomination Carry
(169312, 0, 0, 0, 0, 0, 0, 0, 0, ''), -- 169312
(170756, 0, 0, 262144, 1, 0, 0, 0, 0, '159474'), -- 170756 - Permanent Feign Death (NO Stun, Untrackable, Immune)
(165072, 0, 0, 0, 1, 0, 0, 0, 0, ''), -- 165072
(165336, 0, 0, 0, 1, 0, 0, 0, 0, ''), -- 165336
(165084, 0, 0, 0, 1, 0, 0, 0, 0, '321412'), -- 165084 - [DNT]Abom Visual
(165002, 0, 0, 0, 1, 0, 0, 0, 0, '332958'), -- 165002 - Body Zapper
(170376, 0, 0, 262144, 1, 0, 0, 0, 0, '145363'), -- 170376 - Permanent Feign Death (Stun, Untrackable, Immune)
(170369, 0, 0, 262144, 1, 0, 0, 0, 0, '145363'), -- 170369 - Permanent Feign Death (Stun, Untrackable, Immune)
(159759, 0, 0, 0, 1, 0, 0, 0, 0, ''), -- 159759
(165208, 0, 0, 0, 1, 0, 0, 0, 0, ''), -- 165208
(159674, 0, 0, 0, 1, 0, 0, 0, 0, '320390'), -- 159674 - Decay Flesh
(165214, 0, 0, 0, 1, 0, 0, 0, 0, '330550'), -- 165214 - 9.0 Carry Maldraxxus Kyrian Shield
(158798, 0, 0, 262144, 1, 0, 0, 0, 0, ''), -- 158798
(159683, 0, 0, 262144, 1, 0, 0, 0, 0, ''), -- 159683
(169574, 0, 0, 0, 1, 0, 0, 0, 0, ''), -- 169574
(159710, 0, 0, 262144, 1, 0, 0, 0, 0, ''), -- 159710
(169341, 0, 0, 0, 1, 0, 0, 0, 0, ''), -- 169341
(169700, 0, 0, 0, 1, 0, 0, 0, 0, ''), -- 169700
(168342, 0, 0, 0, 1, 0, 0, 0, 0, ''), -- 168342
(160883, 0, 0, 0, 1, 0, 0, 0, 0, ''), -- 160883
(160407, 0, 0, 0, 1, 0, 0, 0, 0, ''), -- 160407
(161018, 0, 0, 0, 2, 0, 0, 0, 0, '99203'), -- 161018 - 100% Threat Reduction
(161016, 0, 0, 0, 1, 0, 0, 0, 0, ''), -- 161016
(164830, 0, 0, 0, 1, 0, 0, 0, 0, '46598'), -- 164830 - Ride Vehicle Hardcoded
(164829, 0, 0, 50331648, 1, 0, 0, 0, 0, ''), -- 164829
(167458, 0, 0, 0, 1, 0, 0, 0, 0, '99203'), -- 167458 - 100% Threat Reduction
(157519, 0, 0, 0, 257, 0, 0, 0, 0, ''), -- 157519
(168941, 0, 0, 0, 257, 0, 0, 0, 0, ''), -- 168941
(169245, 0, 0, 0, 0, 0, 0, 0, 0, ''), -- 169245
(160415, 0, 0, 0, 257, 0, 0, 0, 0, ''), -- 160415
(168952, 0, 0, 0, 1, 0, 0, 0, 0, ''), -- 168952
(160424, 0, 0, 0, 1, 0, 0, 0, 0, ''), -- 160424
(168951, 0, 0, 1, 1, 0, 0, 0, 0, ''), -- 168951
(162498, 0, 0, 0, 1, 0, 0, 0, 0, ''), -- 162498
(167483, 0, 0, 0, 1, 0, 0, 0, 0, ''), -- 167483
(165366, 0, 0, 0, 1, 0, 0, 0, 0, ''), -- 165366
(168972, 0, 0, 0, 1, 0, 0, 0, 0, ''), -- 168972
(160996, 0, 0, 0, 1, 0, 0, 0, 0, ''), -- 160996
(160474, 0, 0, 0, 1, 0, 0, 0, 0, '99203'), -- 160474 - 100% Threat Reduction
(160479, 0, 0, 0, 1, 0, 0, 0, 0, '99203 320013'), -- 160479 - 100% Threat Reduction, Massacre
(157669, 0, 0, 0, 1, 0, 0, 0, 0, '99203'), -- 157669 - 100% Threat Reduction
(168479, 0, 0, 0, 1, 0, 0, 0, 0, ''), -- 168479
(167271, 0, 0, 0, 1, 0, 0, 0, 0, ''), -- 167271
(168433, 0, 0, 0, 1, 0, 0, 0, 0, ''), -- 168433
(168429, 0, 0, 8, 1, 0, 0, 0, 0, ''), -- 168429
(162650, 0, 0, 0, 1, 0, 0, 0, 0, ''), -- 162650
(156591, 0, 0, 0, 1, 0, 0, 0, 0, '99203'), -- 156591 - 100% Threat Reduction
(168946, 0, 0, 50331648, 1, 0, 0, 0, 0, ''), -- 168946
(161105, 0, 0, 0, 1, 0, 0, 0, 0, ''), -- 161105
(168324, 0, 0, 0, 1, 0, 0, 0, 0, ''), -- 168324
(169121, 0, 0, 0, 1, 0, 0, 0, 0, ''), -- 169121
(168339, 0, 0, 0, 1, 0, 0, 0, 0, ''), -- 168339
(168336, 0, 0, 0, 1, 0, 0, 0, 0, '260037'), -- 168336 - Fishing
(168331, 0, 0, 0, 1, 0, 0, 0, 0, ''), -- 168331
(168322, 0, 0, 0, 1, 0, 0, 0, 0, ''), -- 168322
(144929, 0, 0, 50331648, 1, 0, 0, 0, 0, ''), -- 144929
(169636, 0, 0, 262144, 1, 0, 0, 0, 0, '154470'), -- 169636 - Permanent Feign Death (Flies)
(169295, 0, 0, 262144, 1, 0, 0, 0, 0, '145363'), -- 169295 - Permanent Feign Death (Stun, Untrackable, Immune)
(160540, 0, 0, 0, 1, 0, 0, 0, 0, ''), -- 160540
(160272, 0, 0, 0, 1, 0, 0, 0, 0, ''), -- Kynthia
(160567, 0, 0, 0, 1, 0, 0, 0, 0, ''), -- 160567
(170101, 0, 0, 1, 1, 0, 0, 0, 0, ''), -- 170101
(160211, 0, 0, 0, 1, 0, 0, 0, 0, ''), -- 160211
(160218, 0, 0, 0, 1, 0, 0, 0, 0, ''), -- 160218
(165349, 0, 0, 0, 1, 0, 0, 0, 0, '8279'), -- 165349 - Stealth Detection
(165337, 0, 0, 0, 1, 0, 0, 0, 0, ''), -- 165337
(157518, 0, 0, 0, 257, 0, 0, 0, 0, ''), -- 157518
(175022, 0, 0, 0, 1, 0, 0, 0, 0, '308853'), -- Bleak Skitterer - Battle Pet Periodic
(165644, 0, 0, 0, 1, 0, 0, 0, 0, ''), -- 165644
(168424, 0, 0, 50331648, 1, 0, 0, 0, 0, ''), -- 168424
(176288, 0, 0, 0, 1, 0, 0, 0, 0, ''), -- 176288
(166657, 0, 0, 0, 1, 0, 0, 0, 0, ''), -- 166657
(162562, 0, 0, 0, 1, 0, 0, 0, 0, ''), -- 162562
(160916, 0, 0, 0, 1, 0, 0, 0, 0, ''), -- 160916
(160912, 0, 0, 262144, 1, 0, 0, 0, 0, ''), -- 160912
(174236, 0, 0, 0, 1, 0, 0, 0, 0, ''), -- 174236
(162675, 0, 0, 0, 1, 0, 0, 0, 0, ''), -- 162675
(174410, 0, 0, 50331648, 1, 0, 0, 0, 0, ''), -- 174410
(162553, 0, 0, 0, 1, 0, 0, 0, 0, ''), -- 162553
(162593, 0, 0, 50331648, 1, 0, 0, 0, 0, ''), -- 162593
(166728, 0, 0, 0, 1, 0, 0, 0, 0, '324844'), -- 166728 - Monsterous Splat
(175833, 0, 0, 0, 1, 0, 0, 0, 0, ''), -- 175833
(163415, 0, 0, 262144, 1, 0, 0, 0, 0, ''), -- 163415
(168403, 0, 0, 262144, 1, 0, 0, 0, 0, ''), -- 168403
(175023, 0, 0, 0, 1, 0, 0, 0, 0, ''), -- Animated Cruor
(165473, 0, 0, 0, 1, 0, 0, 0, 0, ''), -- 165473
(162732, 0, 0, 0, 1, 0, 0, 0, 0, ''), -- 162732
(168859, 0, 0, 0, 1, 0, 0, 0, 0, '46598 328456'), -- 168859 - Ride Vehicle Hardcoded, Lifting Chains
(173274, 0, 0, 0, 1, 0, 0, 0, 0, ''), -- Gorgemouth
(169249, 0, 0, 50593792, 1, 0, 0, 0, 0, '154470'), -- 169249 - Permanent Feign Death (Flies)
(169250, 0, 0, 50593792, 1, 0, 0, 0, 0, '154470'), -- 169250 - Permanent Feign Death (Flies)
(169395, 0, 0, 0, 1, 0, 0, 0, 0, '331874'), -- 169395 - Touch of Plague
(159893, 0, 0, 0, 1, 0, 0, 0, 0, ''), -- 159893
(165376, 0, 0, 0, 1, 0, 0, 0, 0, ''), -- 165376
(174533, 0, 0, 0, 1, 0, 0, 0, 0, ''), -- 174533
(157517, 0, 0, 0, 257, 0, 0, 0, 0, ''), -- 157517
(169699, 0, 0, 0, 1, 0, 0, 0, 0, ''), -- 169699
(169698, 0, 0, 0, 1, 0, 0, 0, 0, ''), -- 169698
(168857, 0, 0, 50331648, 1, 0, 0, 0, 0, ''), -- 168857
(165566, 0, 0, 0, 1, 0, 0, 0, 0, ''), -- 165566
(166186, 0, 0, 262144, 1, 0, 0, 0, 0, ''), -- 166186
(165549, 0, 0, 0, 1, 0, 0, 0, 0, ''), -- 165549
(165551, 0, 0, 0, 1, 0, 0, 0, 0, ''), -- 165551
(158032, 0, 0, 0, 1, 0, 0, 0, 0, ''), -- 158032
(164312, 0, 0, 50331648, 1, 0, 0, 0, 0, ''), -- 164312
(158752, 0, 0, 0, 1, 0, 0, 0, 0, ''), -- 158752
(158566, 0, 0, 0, 1, 0, 0, 0, 0, ''), -- 158566
(158053, 0, 0, 1, 1, 0, 0, 0, 0, ''), -- 158053
(158387, 0, 0, 50331648, 1, 0, 0, 0, 0, ''), -- 158387
(165561, 0, 0, 0, 1, 0, 0, 0, 0, ''), -- 165561
(174652, 0, 0, 0, 1, 0, 0, 0, 0, ''), -- Animated Cruor
(168388, 0, 0, 0, 1, 0, 0, 0, 0, ''), -- 168388
(166370, 0, 0, 50331648, 1, 0, 0, 0, 0, ''), -- 166370
(159757, 0, 0, 0, 1, 0, 0, 0, 0, ''), -- 159757
(173273, 0, 0, 0, 1, 0, 0, 0, 0, ''), -- Trailblazer
(173272, 0, 0, 50331648, 1, 0, 0, 0, 0, ''), -- Stinkdust
(173267, 0, 0, 0, 1, 0, 0, 0, 0, ''), -- Dundley Stickyfingers
(173271, 0, 0, 0, 1, 0, 0, 0, 0, ''), -- Whirly
(159691, 0, 0, 0, 1, 0, 0, 0, 0, ''), -- 159691
(162816, 0, 0, 50331648, 1, 0, 0, 0, 0, ''), -- 162816
(174665, 0, 0, 0, 1, 0, 0, 0, 0, ''), -- 174665
(174668, 0, 0, 0, 1, 0, 0, 0, 0, ''), -- 174668
(174664, 0, 0, 0, 1, 0, 0, 0, 0, ''), -- 174664
(174656, 0, 0, 0, 1, 0, 0, 0, 0, ''), -- 174656
(157516, 0, 0, 0, 257, 0, 0, 0, 0, ''), -- 157516
(163038, 0, 0, 50331648, 1, 0, 0, 0, 0, ''), -- Invisible Stalker
(164928, 0, 0, 0, 1, 0, 0, 0, 0, ''), -- Invisible Stalker
(164063, 0, 0, 262144, 1, 0, 0, 0, 0, ''), -- 164063
(164446, 0, 0, 0, 1, 0, 0, 0, 0, ''), -- Invisible Stalker
(160522, 0, 0, 0, 257, 0, 0, 0, 0, ''), -- 160522
(165007, 0, 0, 0, 1, 0, 0, 0, 0, ''), -- 165007
(169521, 0, 0, 262144, 1, 0, 0, 0, 0, ''), -- 169521
(172485, 0, 0, 0, 1, 0, 0, 0, 0, ''), -- 172485
(171740, 0, 0, 50331648, 1, 0, 0, 0, 0, ''), -- 171740
(172479, 0, 0, 0, 1, 0, 0, 0, 0, ''), -- 172479
(165009, 0, 0, 0, 1, 0, 0, 0, 0, ''), -- 165009
(171140, 0, 0, 262144, 1, 0, 0, 0, 0, ''), -- 171140
(164544, 0, 0, 0, 1, 0, 0, 0, 0, ''), -- Invisible Stalker
(165008, 0, 0, 0, 1, 0, 0, 0, 0, ''), -- 165008
(168269, 0, 0, 50593792, 1, 0, 0, 0, 0, ''), -- 168269
(164525, 0, 0, 0, 1, 0, 0, 0, 0, ''), -- 164525
(160888, 0, 0, 262144, 1, 0, 0, 0, 0, ''), -- 160888
(168042, 0, 0, 262144, 1, 0, 0, 0, 0, '145363'), -- 168042 - Permanent Feign Death (Stun, Untrackable, Immune)
(175162, 0, 0, 0, 1, 0, 0, 0, 0, ''), -- 175162
(171956, 0, 0, 262144, 1, 0, 0, 0, 0, ''), -- 171956
(164273, 0, 0, 0, 1, 0, 0, 0, 0, ''), -- 164273
(171092, 0, 0, 0, 1, 0, 0, 0, 0, ''), -- 171092
(167804, 0, 0, 0, 1, 0, 0, 0, 0, ''), -- 167804
(167770, 0, 0, 0, 1, 0, 0, 0, 0, '331108'), -- 167770 - Slimy Coating
(167832, 0, 0, 0, 1, 0, 10780, 0, 0, ''), -- 167832
(167821, 0, 0, 0, 1, 0, 0, 0, 0, ''), -- 167821
(167563, 0, 0, 0, 1, 0, 0, 0, 0, ''), -- 167563
(174649, 0, 0, 50331648, 1, 0, 0, 0, 0, ''), -- Necroray Spawnling
(168266, 0, 0, 0, 1, 0, 0, 0, 0, '320657'), -- 168266 - Bone Armor
(175024, 0, 0, 50331648, 1, 0, 0, 0, 0, ''), -- Necroray Spawnling
(170002, 0, 0, 0, 1, 0, 0, 0, 0, ''), -- 170002
(164711, 0, 0, 0, 1, 0, 0, 0, 0, ''), -- 164711
(163414, 0, 0, 0, 1, 0, 0, 0, 0, ''), -- 163414
(168453, 0, 0, 0, 1, 0, 0, 0, 0, '92788'), -- 168453 - Churning Dirt
(171747, 0, 0, 0, 1, 0, 0, 0, 0, ''), -- 171747
(171381, 0, 0, 0, 1, 0, 0, 0, 0, ''), -- 171381
(171748, 0, 0, 0, 2, 0, 0, 0, 0, ''), -- 171748
(171093, 0, 0, 50331648, 1, 0, 0, 0, 0, ''), -- 171093
(165025, 0, 0, 50331648, 1, 0, 0, 0, 0, ''), -- 165025
(169992, 0, 0, 0, 1, 0, 0, 0, 0, ''), -- 169992
(164128, 0, 0, 0, 1, 0, 0, 0, 0, ''), -- 164128
(164713, 0, 0, 1, 1, 0, 0, 0, 0, ''), -- 164713
(166373, 0, 0, 0, 1, 0, 0, 0, 0, ''), -- 166373
(166358, 0, 0, 0, 1, 0, 0, 0, 0, '123169'), -- 166358 - Mod Scale 105-110%
(174813, 0, 0, 262144, 1, 0, 0, 0, 0, '145363'), -- 174813 - Permanent Feign Death (Stun, Untrackable, Immune)
(161613, 0, 0, 0, 1, 0, 0, 0, 0, '203315 144140'), -- 161613 - Plagued, Vertex Color Lime Green
(169129, 0, 0, 50331648, 1, 0, 0, 0, 0, ''), -- 169129
(167923, 0, 0, 0, 1, 0, 0, 0, 0, ''), -- 167923
(167948, 0, 0, 0, 1, 0, 0, 0, 0, ''), -- 167948
(167359, 0, 0, 50331648, 1, 0, 0, 0, 0, ''), -- 167359
(160060, 0, 0, 0, 1, 0, 0, 0, 0, ''), -- 160060
(170456, 0, 0, 50331648, 1, 0, 0, 0, 0, ''), -- 170456
(174650, 0, 0, 0, 1, 0, 0, 0, 0, ''), -- 174650
(162257, 0, 0, 50331648, 1, 0, 0, 0, 0, ''), -- Invisible Stalker
(162256, 0, 0, 50331648, 1, 0, 0, 0, 0, ''), -- Invisible Stalker
(160048, 0, 0, 0, 1, 0, 0, 0, 0, ''), -- 160048
(167949, 0, 0, 0, 1, 0, 0, 0, 0, ''), -- 167949
(167935, 0, 0, 0, 1, 0, 0, 0, 0, ''), -- 167935
(168192, 0, 0, 0, 1, 0, 0, 0, 0, ''), -- 168192
(167356, 0, 0, 0, 1, 0, 0, 0, 0, ''), -- 167356
(170099, 0, 0, 0, 257, 0, 0, 0, 0, ''); -- 170099

REPLACE INTO `creature_template_addon` (`entry`, `path_id`, `mount`, `bytes1`, `bytes2`, `emote`, `aiAnimKit`, `movementAnimKit`, `meleeAnimKit`, `auras`) VALUES
(170095, 0, 0, 0, 257, 0, 0, 0, 0, ''), -- 170095
(171383, 0, 0, 0, 1, 0, 0, 0, 0, ''), -- 171383
(168216, 0, 0, 50331648, 1, 0, 0, 0, 0, ''), -- 168216
(169184, 0, 0, 0, 1, 0, 0, 0, 0, ''), -- 169184
(168677, 0, 0, 0, 1, 0, 0, 0, 0, ''), -- 168677
(162589, 0, 0, 50331648, 1, 0, 0, 0, 0, ''), -- 162589
(161537, 0, 0, 0, 1, 0, 0, 0, 0, ''), -- 161537
(174654, 0, 0, 50331648, 1, 0, 0, 0, 0, ''), -- 174654
(167335, 0, 0, 262144, 1, 0, 0, 0, 0, ''), -- 167335
(167395, 0, 0, 0, 1, 0, 0, 0, 0, ''), -- 167395
(166253, 0, 0, 0, 1, 0, 0, 0, 0, '46598'), -- 166253 - Ride Vehicle Hardcoded
(162899, 0, 0, 50331648, 1, 0, 0, 0, 0, '345529'), -- 162899 - [DNT] Ping-Vole
(162873, 0, 0, 0, 1, 0, 0, 0, 0, '317184'), -- 162873 - Ping - Ladder Boss Opponents
(158642, 0, 0, 0, 1, 0, 0, 0, 0, ''), -- 158642
(164507, 0, 0, 0, 1, 0, 0, 0, 0, ''), -- 164507
(164492, 0, 0, 0, 1, 0, 0, 0, 0, ''), -- 164492
(159830, 0, 0, 0, 1, 0, 0, 0, 0, ''), -- 159830
(163224, 0, 0, 0, 1, 0, 0, 0, 0, ''), -- 163224
(172656, 0, 0, 0, 1, 0, 0, 0, 0, ''), -- 172656
(163043, 0, 0, 0, 1, 0, 0, 0, 0, ''), -- 163043
(163032, 0, 0, 0, 1, 0, 0, 0, 0, ''), -- 163032
(161599, 0, 0, 0, 1, 0, 0, 0, 0, '314845'), -- 161599 - Shattersoul Bow
(161597, 0, 0, 0, 1, 0, 0, 0, 0, ''), -- 161597
(168147, 0, 0, 0, 1, 0, 0, 0, 0, ''), -- 168147
(161757, 0, 0, 0, 1, 0, 0, 0, 0, ''), -- 161757
(162813, 0, 0, 0, 256, 0, 0, 0, 0, ''), -- 162813
(158071, 0, 0, 0, 1, 0, 0, 0, 0, '244807'), -- 158071 - Anim Replacement - New Drunk
(162477, 0, 0, 0, 1, 0, 0, 0, 0, ''), -- 162477
(166568, 0, 0, 0, 1, 0, 0, 0, 0, ''), -- 166568
(166570, 0, 0, 0, 0, 0, 0, 0, 0, ''), -- 166570
(175394, 0, 0, 0, 1, 0, 0, 0, 0, ''), -- 175394
(161733, 0, 0, 0, 1, 0, 0, 0, 0, ''), -- 161733
(175393, 0, 0, 0, 1, 0, 0, 0, 0, ''), -- 175393
(162872, 0, 0, 0, 1, 0, 0, 0, 0, '317096'), -- 162872 - Containment Cell Visuals
(163041, 0, 0, 0, 1, 0, 0, 0, 0, ''), -- 163041
(168440, 0, 0, 0, 1, 0, 0, 0, 0, ''), -- 168440
(166424, 0, 0, 0, 1, 0, 0, 0, 0, '322217'), -- 166424 - 9.0 Carry Maldraxxus Armor
(161697, 0, 0, 0, 1, 0, 0, 0, 0, ''), -- 161697
(161696, 0, 0, 0, 1, 0, 0, 0, 0, ''), -- 161696
(164833, 0, 0, 0, 1, 0, 0, 0, 0, ''), -- 164833
(166567, 0, 0, 0, 1, 0, 0, 0, 0, ''), -- 166567
(166565, 0, 0, 0, 1, 0, 0, 0, 0, ''), -- 166565
(169697, 0, 0, 1, 0, 0, 0, 0, 0, ''), -- 169697
(157540, 0, 0, 0, 257, 0, 0, 0, 0, ''), -- 157540
(161712, 0, 0, 0, 1, 0, 0, 0, 0, ''), -- 161712
(93008, 0, 0, 0, 1, 0, 0, 0, 0, ''), -- 93008
(161702, 0, 0, 0, 1, 0, 0, 0, 0, ''), -- 161702
(166564, 0, 0, 0, 0, 0, 0, 0, 0, ''), -- 166564
(166420, 0, 0, 0, 1, 0, 0, 0, 0, ''), -- 166420
(173003, 0, 0, 0, 0, 0, 0, 0, 0, ''), -- 173003
(162880, 0, 0, 0, 1, 0, 0, 0, 0, '317105 338387'), -- 162880 - Containment Cell Visuals, Call to Arms
(166421, 0, 0, 50331648, 1, 0, 0, 0, 0, ''), -- 166421
(170496, 0, 96469, 0, 1, 0, 0, 0, 0, ''), -- 170496
(170542, 0, 0, 0, 1, 0, 0, 0, 0, ''), -- 170542
(169055, 0, 0, 0, 1, 0, 0, 0, 0, ''), -- 169055
(162853, 0, 0, 0, 1, 0, 0, 0, 0, '317070'), -- 162853 - Containment Cell Visuals
(168148, 0, 0, 0, 1, 0, 0, 0, 0, ''), -- 168148
(164997, 0, 0, 0, 1, 0, 0, 0, 0, ''), -- 164997
(168196, 0, 0, 262144, 1, 0, 0, 0, 0, '154470'), -- 168196 - Permanent Feign Death (Flies)
(173200, 0, 0, 0, 1, 0, 0, 0, 0, '308853'), -- Bleak Skitterer - Battle Pet Periodic
(158040, 0, 0, 0, 1, 0, 0, 0, 0, ''), -- 158040
(170191, 0, 0, 0, 1, 0, 0, 0, 0, '322272'), -- 170191 - Stringy Growth
(175097, 0, 0, 0, 1, 0, 0, 0, 0, ''), -- 175097
(175100, 0, 0, 0, 1, 0, 0, 0, 0, '29266'), -- 175100 - Permanent Feign Death
(175095, 0, 0, 1, 1, 0, 0, 0, 0, ''), -- 175095
(167353, 0, 0, 0, 1, 0, 0, 0, 0, ''), -- 167353
(174223, 0, 0, 1, 1, 0, 0, 0, 0, '342003'), -- 174223 - Cosmetic - Cat Boots
(169751, 0, 0, 50331648, 1, 0, 0, 0, 0, ''), -- 169751
(159856, 0, 0, 0, 1, 0, 0, 0, 0, '214567'), -- 159856 - Mod Scale 90-110%
(176023, 0, 0, 50331648, 1, 0, 0, 0, 0, ''), -- Crawbat
(176024, 0, 0, 50331648, 1, 0, 0, 0, 0, '308853'), -- Crawbat - Battle Pet Periodic
(174653, 0, 0, 0, 1, 0, 0, 0, 0, ''), -- 174653
(162258, 0, 0, 0, 1, 0, 0, 0, 0, ''), -- 162258
(167435, 0, 0, 0, 1, 0, 0, 0, 0, ''), -- 167435
(161410, 0, 0, 0, 1, 0, 0, 0, 0, ''), -- 161410
(175085, 0, 0, 0, 1, 0, 0, 0, 0, ''), -- 175085
(161399, 0, 0, 0, 1, 0, 0, 0, 0, ''), -- 161399
(161890, 0, 0, 0, 1, 0, 0, 0, 0, '323309'), -- 161890 - Unraveling Flesh
(170971, 0, 0, 0, 1, 0, 0, 0, 0, ''), -- 170971
(166423, 0, 0, 50331648, 1, 0, 0, 0, 0, ''), -- 166423
(167747, 0, 0, 0, 2, 0, 0, 0, 0, '99203'), -- 167747 - 100% Threat Reduction
(162259, 0, 0, 50331648, 1, 0, 0, 0, 0, ''), -- 162259
(167273, 0, 0, 0, 2, 0, 0, 0, 0, ''), -- 167273
(161881, 0, 0, 0, 1, 0, 0, 0, 0, ''), -- 161881
(167743, 0, 0, 0, 2, 0, 0, 0, 0, ''), -- 167743
(161376, 0, 0, 0, 1, 0, 0, 0, 0, ''), -- 161376
(166908, 0, 0, 0, 1, 0, 0, 0, 0, '326001 325100'), -- 166908 - Summon Creep Area Trigger, [DNT] Empower Pauldrons Visual
(175021, 0, 0, 0, 1, 0, 0, 0, 0, ''), -- Pulsating Maggot
(156558, 0, 0, 0, 1, 0, 0, 0, 0, '343329'), -- 156558 - [DNT] - Flavor 2
(167355, 0, 0, 0, 1, 0, 0, 0, 0, ''), -- Pulsating Maggot
(167354, 0, 0, 0, 1, 0, 0, 0, 0, ''), -- 167354
(169634, 0, 0, 262144, 1, 0, 0, 0, 0, '154470'), -- 169634 - Permanent Feign Death (Flies)
(157671, 0, 0, 0, 1, 0, 0, 0, 0, ''), -- 157671
(161398, 0, 0, 0, 1, 0, 0, 0, 0, ''), -- 161398
(160419, 0, 0, 0, 1, 0, 0, 0, 0, ''), -- 160419
(160417, 0, 0, 0, 1, 0, 0, 0, 0, ''), -- 160417
(165017, 0, 0, 0, 1, 0, 0, 0, 0, ''), -- 165017
(160418, 0, 0, 0, 1, 0, 0, 0, 0, ''), -- 160418
(164221, 0, 0, 0, 1, 0, 0, 0, 0, ''), -- 164221
(165350, 0, 0, 0, 1, 0, 0, 0, 0, ''), -- 165350
(167645, 0, 0, 0, 0, 0, 0, 0, 0, ''), -- 167645
(167649, 0, 0, 0, 1, 0, 0, 0, 0, ''), -- 167649
(165321, 0, 0, 0, 1, 0, 0, 0, 0, ''), -- 165321
(173000, 0, 0, 0, 0, 0, 0, 0, 0, ''), -- 173000
(172173, 0, 0, 0, 1, 0, 0, 0, 0, ''), -- 172173
(164667, 0, 0, 0, 257, 0, 0, 0, 0, ''), -- Prime Shieldguard
(174492, 0, 0, 0, 1, 0, 0, 0, 0, ''), -- 174492
(174491, 0, 0, 0, 1, 0, 0, 0, 0, ''), -- 174491
(174484, 0, 0, 0, 1, 0, 0, 0, 0, ''), -- 174484
(174488, 0, 0, 0, 1, 0, 0, 0, 0, ''), -- 174488
(169524, 0, 0, 0, 1, 0, 0, 0, 0, ''), -- 169524
(165796, 0, 0, 0, 1, 0, 0, 0, 0, ''), -- 165796
(166284, 0, 0, 0, 1, 0, 0, 0, 0, ''), -- 166284
(175066, 0, 0, 0, 1, 0, 0, 0, 0, ''), -- 175066
(175067, 0, 0, 0, 1, 0, 21543, 0, 0, ''), -- 175067
(156664, 0, 0, 0, 1, 0, 0, 0, 0, ''), -- 156664
(156663, 0, 0, 0, 1, 0, 0, 0, 0, ''), -- 156663
(173370, 0, 0, 0, 1, 0, 0, 0, 0, ''), -- 173370
(173355, 0, 0, 0, 1, 0, 0, 0, 0, ''), -- 173355
(175036, 0, 0, 0, 1, 0, 0, 0, 0, ''), -- 175036
(173354, 0, 0, 0, 1, 0, 0, 0, 0, ''), -- Deceased Monkey
(156479, 0, 0, 0, 0, 0, 0, 0, 0, ''), -- 156479
(174564, 0, 0, 0, 1, 0, 0, 0, 0, ''), -- 174564
(175081, 0, 0, 0, 1, 0, 0, 0, 0, ''), -- 175081
(159478, 0, 0, 0, 257, 0, 0, 0, 0, ''), -- 159478
(175080, 0, 0, 0, 1, 0, 0, 0, 0, ''), -- 175080
(175083, 0, 0, 0, 1, 0, 0, 0, 0, ''), -- 175083
(173330, 0, 0, 0, 1, 0, 0, 0, 0, ''), -- 173330
(170310, 0, 0, 0, 1, 0, 0, 0, 0, ''), -- 170310
(175082, 0, 0, 0, 1, 0, 0, 0, 0, ''), -- 175082
(166312, 0, 0, 0, 1, 0, 0, 0, 0, ''), -- 166312
(170607, 0, 0, 0, 1, 0, 0, 0, 0, ''), -- 170607
(173327, 0, 0, 0, 1, 0, 0, 0, 0, ''), -- 173327
(173353, 0, 0, 0, 1, 0, 0, 0, 0, ''), -- 173353
(62822, 0, 0, 0, 1, 0, 0, 0, 0, '122729 123240'), -- 62822 - Grand Expedition Yak, Grummle Booth B
(62821, 0, 0, 0, 1, 0, 0, 0, 0, '122729 123236'), -- 62821 - Grand Expedition Yak, Grummle Booth A
(175212, 0, 0, 50331648, 1, 0, 0, 0, 0, ''), -- 175212
(165654, 0, 0, 0, 1, 0, 0, 0, 0, ''), -- 165654
(175215, 0, 0, 50331648, 1, 0, 0, 0, 0, ''), -- 175215
(176545, 0, 0, 50331648, 1, 0, 0, 0, 0, ''), -- 176545
(162666, 0, 0, 0, 1, 0, 0, 0, 0, ''), -- Pathscribe Roh-Avonavi
(170256, 0, 0, 0, 1, 0, 0, 0, 0, ''), -- 170256
(54638, 0, 0, 50331648, 1, 0, 0, 0, 0, ''), -- 54638
(171822, 0, 0, 0, 257, 0, 0, 0, 0, ''), -- 171822
(175016, 0, 0, 0, 1, 0, 0, 0, 0, ''), -- 175016
(175035, 0, 0, 0, 1, 0, 0, 0, 0, ''), -- 175035
(173357, 0, 0, 0, 1, 0, 0, 0, 0, ''), -- 173357
(162928, 0, 0, 0, 1, 0, 0, 0, 0, ''), -- 162928
(165657, 0, 0, 0, 1, 0, 0, 0, 0, ''), -- 165657
(164596, 0, 0, 0, 1, 0, 0, 0, 0, ''), -- 164596
(175214, 0, 0, 50331648, 1, 0, 0, 0, 0, ''), -- 175214
(173352, 0, 0, 0, 1, 0, 0, 0, 0, ''), -- Deceased Monkey
(173356, 0, 0, 50331648, 1, 0, 0, 0, 0, ''), -- 173356
(176332, 0, 0, 0, 0, 0, 0, 0, 0, ''), -- 176332
(170557, 0, 0, 0, 1, 0, 16748, 0, 0, ''), -- 170557
(156768, 0, 0, 0, 1, 0, 0, 0, 0, ''), -- 156768
(165405, 0, 0, 0, 1, 0, 0, 0, 0, ''), -- 165405
(173301, 0, 0, 0, 1, 0, 0, 0, 0, ''), -- 173301
(173350, 0, 0, 0, 1, 0, 0, 0, 0, ''), -- 173350
(164686, 0, 0, 0, 1, 0, 0, 0, 0, '323731'), -- 164686 - Anim Replacement - Hover
(173305, 0, 0, 0, 1, 0, 6214, 0, 0, ''), -- 173305
(164685, 0, 0, 0, 1, 0, 0, 0, 0, ''), -- 164685
(173302, 0, 0, 0, 1, 0, 1583, 0, 0, ''), -- 173302
(164352, 0, 0, 0, 1, 0, 0, 0, 0, ''), -- 164352
(175018, 0, 0, 0, 1, 0, 21543, 0, 0, ''), -- 175018
(175017, 0, 0, 0, 1, 0, 0, 0, 0, ''), -- 175017
(175042, 0, 0, 0, 1, 0, 0, 0, 0, ''), -- 175042
(164353, 0, 0, 0, 1, 0, 0, 0, 0, ''), -- 164353
(156688, 0, 0, 0, 1, 0, 0, 0, 0, ''), -- 156688
(166307, 0, 0, 0, 1, 0, 0, 0, 0, ''), -- 166307
(175020, 0, 0, 0, 1, 0, 21543, 0, 0, ''), -- 175020
(173348, 0, 0, 0, 1, 0, 21542, 0, 0, ''), -- 173348
(164173, 0, 0, 0, 1, 0, 0, 0, 0, ''), -- 164173
(167880, 0, 0, 0, 1, 0, 0, 0, 0, ''), -- 167880
(162929, 0, 0, 0, 1, 0, 0, 0, 0, ''), -- 162929
(175208, 0, 0, 0, 1, 0, 6214, 0, 0, ''), -- 175208
(175206, 0, 0, 0, 1, 0, 6214, 0, 0, ''), -- 175206
(173367, 0, 0, 0, 1, 0, 0, 0, 0, ''), -- 173367
(175222, 0, 0, 50331648, 1, 0, 0, 0, 0, ''), -- 175222
(164803, 0, 0, 0, 1, 0, 13353, 0, 0, ''), -- 164803
(167881, 0, 0, 0, 1, 0, 0, 0, 0, ''), -- 167881
(173304, 0, 0, 0, 1, 0, 0, 0, 0, ''), -- 173304
(121541, 0, 0, 0, 1, 0, 0, 0, 0, ''), -- Ban-Lu
(166061, 0, 0, 33554432, 1, 0, 0, 0, 0, ''), -- 166061
(172702, 0, 0, 0, 1, 0, 20018, 0, 0, ''), -- 172702
(173300, 0, 0, 0, 1, 0, 0, 0, 0, ''), -- 173300
(173325, 0, 0, 0, 1, 0, 6214, 0, 0, ''), -- 173325
(164123, 0, 0, 50331648, 1, 0, 0, 0, 0, ''), -- 164123
(156735, 0, 0, 0, 1, 0, 0, 0, 0, ''), -- 156735
(156734, 0, 0, 0, 1, 0, 0, 0, 0, ''), -- 156734
(173318, 0, 0, 0, 1, 0, 0, 0, 0, ''), -- 173318
(173118, 0, 0, 0, 1, 0, 6214, 0, 0, ''), -- 173118
(175087, 0, 0, 0, 1, 0, 0, 0, 0, ''), -- 175087
(156769, 0, 0, 0, 1, 0, 0, 0, 0, ''), -- 156769
(171796, 0, 0, 0, 257, 0, 0, 0, 0, ''), -- 171796
(175207, 0, 0, 0, 1, 0, 0, 0, 0, ''), -- 175207
(156698, 0, 0, 0, 1, 0, 16748, 0, 0, ''), -- 156698
(173364, 0, 0, 0, 1, 0, 0, 0, 0, ''), -- 173364
(165403, 0, 0, 0, 1, 0, 0, 0, 0, ''), -- 165403
(156758, 0, 0, 0, 1, 0, 0, 0, 0, ''), -- 156758
(173668, 0, 0, 0, 1, 0, 0, 0, 0, ''), -- 173668
(175127, 0, 0, 0, 1, 0, 0, 0, 0, ''), -- 175127
(175009, 0, 0, 50331648, 1, 0, 0, 0, 0, ''), -- 175009
(175025, 0, 0, 50331648, 1, 0, 0, 0, 0, ''); -- 175025


REPLACE INTO `quest_details` (`ID`, `Emote1`, `Emote2`, `Emote3`, `Emote4`, `EmoteDelay1`, `EmoteDelay2`, `EmoteDelay3`, `EmoteDelay4`, `VerifiedBuild`) VALUES
(60429, 0, 0, 0, 0, 0, 0, 0, 0, 37474), -- 60429
(62864, 1, 0, 0, 0, 0, 0, 0, 0, 37474), -- 62864
(60443, 0, 0, 0, 0, 0, 0, 0, 0, 37474), -- 60443
(60402, 0, 0, 0, 0, 0, 0, 0, 0, 37474), -- 60402
(58668, 1, 1, 0, 0, 0, 0, 0, 0, 37474), -- 58668
(62605, 1, 0, 0, 0, 0, 0, 0, 0, 37474), -- 62605
(57245, 0, 0, 0, 0, 0, 0, 0, 0, 37474), -- 57245
(62785, 1, 1, 273, 0, 0, 0, 0, 0, 37474), -- 62785
(60146, 1, 1, 0, 0, 0, 0, 0, 0, 37474), -- 60146
(59430, 1, 25, 0, 0, 0, 0, 0, 0, 37474); -- 59430

REPLACE INTO `quest_poi_points` (`QuestID`, `Idx1`, `Idx2`, `X`, `Y`, `Z`, `VerifiedBuild`) VALUES
(61867, 1, 0, 2498, -1505, 0, 37474), -- 61867
(61867, 0, 0, 2495, -1516, 3307, 37474), -- 61867
(59836, 2, 0, 2338, -2284, 3263, 37474), -- 59836
(59836, 1, 0, 2356, -2351, 3263, 37474), -- 59836
(59836, 0, 11, 2330, -2458, 0, 37474), -- 59836
(59836, 0, 10, 2257, -2434, 0, 37474), -- 59836
(59836, 0, 9, 2142, -2362, 0, 37474), -- 59836
(59836, 0, 8, 2124, -2271, 0, 37474), -- 59836
(59836, 0, 7, 2148, -2197, 0, 37474), -- 59836
(59836, 0, 6, 2191, -2125, 0, 37474), -- 59836
(59836, 0, 5, 2300, -2118, 0, 37474), -- 59836
(59836, 0, 4, 2385, -2168, 0, 37474), -- 59836
(59836, 0, 3, 2456, -2265, 0, 37474), -- 59836
(59836, 0, 2, 2494, -2325, 0, 37474), -- 59836
(59836, 0, 1, 2463, -2441, 0, 37474), -- 59836
(59836, 0, 0, 2403, -2471, 0, 37474), -- 59836
(57650, 4, 0, 2051, -2540, 3316, 37474), -- 57650
(57650, 3, 0, 2160, -2546, 3316, 37474), -- 57650
(57650, 2, 4, 2053, -2403, 3316, 37474), -- 57650
(57650, 2, 3, 2119, -2425, 3315, 37474), -- 57650
(57650, 2, 2, 2278, -2532, 3317, 37474), -- 57650
(57650, 2, 1, 2254, -2566, 3317, 37474), -- 57650
(57650, 2, 0, 2150, -2570, 3311, 37474), -- 57650
(57650, 1, 2, 2051, -2759, 3312, 37474), -- 57650
(57650, 1, 1, 2063, -2809, 3316, 37474), -- 57650
(57650, 1, 0, 2049, -2832, 3315, 37474), -- 57650
(57650, 0, 7, 1966, -2740, 3337, 37474), -- 57650
(57650, 0, 6, 1936, -2643, 3343, 37474), -- 57650
(57650, 0, 5, 1950, -2383, 3335, 37474), -- 57650
(57650, 0, 4, 1952, -2364, 3335, 37474), -- 57650
(57650, 0, 3, 2041, -2339, 3317, 37474), -- 57650
(57650, 0, 2, 2257, -2522, 3317, 37474), -- 57650
(57650, 0, 1, 2077, -2808, 3316, 37474), -- 57650
(57650, 0, 0, 2032, -2818, 3317, 37474), -- 57650
(60429, 2, 0, 1805, -2620, 3395, 37474), -- 60429
(60429, 1, 0, 2872, -2566, 0, 37474), -- 60429
(60429, 0, 0, 1805, -2620, 3395, 37474), -- 60429
(60146, 3, 0, -1934, 1382, 5269, 37474), -- 60146
(60146, 2, 0, 4643, 6681, 0, 37474), -- 60146
(60146, 1, 0, 1646, 2222, 0, 37474), -- 60146
(60146, 0, 0, -1934, 1382, 5269, 37474), -- 60146
(61667, 2, 0, 2020, -2210, 3340, 37474), -- 61667
(61667, 1, 0, 1981, -2197, 3340, 37474), -- 61667
(61667, 0, 0, 2073, -2177, 3340, 37474), -- 61667
(60402, 4, 0, 1874, -2563, 0, 37474), -- 60402
(60402, 3, 0, 1875, -2563, 3388, 37474), -- 60402
(60402, 2, 0, -6599, 601, 0, 37474), -- 60402
(60402, 1, 0, 1876, -2562, 0, 37474), -- 60402
(60402, 0, 0, 1875, -2563, 3388, 37474), -- 60402
(62605, 0, 0, 3428, -1935, 3261, 37474), -- 62605
(57245, 2, 0, 3024, -1037, 3199, 37474), -- 57245
(57245, 1, 11, 2764, -1451, 0, 37474), -- 57245
(57245, 1, 10, 2651, -1405, 0, 37474), -- 57245
(57245, 1, 9, 2566, -1076, 0, 37474), -- 57245
(57245, 1, 8, 2543, -939, 0, 37474), -- 57245
(57245, 1, 7, 2612, -906, 0, 37474), -- 57245
(57245, 1, 6, 2709, -866, 0, 37474), -- 57245
(57245, 1, 5, 2794, -866, 0, 37474), -- 57245
(57245, 1, 4, 3084, -1177, 0, 37474), -- 57245
(57245, 1, 3, 3123, -1275, 0, 37474), -- 57245
(57245, 1, 2, 3078, -1405, 0, 37474), -- 57245
(57245, 1, 1, 3009, -1485, 0, 37474), -- 57245
(57245, 1, 0, 2890, -1474, 0, 37474), -- 57245
(57245, 0, 0, 3024, -1037, 3199, 37474), -- 57245
(58668, 2, 0, 3030, -1008, 3198, 37474), -- 58668
(58668, 1, 3, 3160, -863, 3170, 37474), -- 58668
(58668, 1, 2, 3220, -863, 3170, 37474), -- 58668
(58668, 1, 1, 3220, -922, 3170, 37474), -- 58668
(58668, 1, 0, 3160, -922, 3170, 37474), -- 58668
(58668, 0, 0, 3190, -896, 3172, 37474), -- 58668
(61060, 6, 0, 2502, -4177, 3394, 37474), -- 61060
(61060, 5, 0, 2511, -4174, 3394, 37474), -- 61060
(61060, 4, 7, 2508, -4110, 3365, 37474), -- 61060
(61060, 4, 6, 2474, -3948, 3342, 37474), -- 61060
(61060, 4, 5, 2515, -3738, 3286, 37474), -- 61060
(61060, 4, 4, 2588, -3711, 3281, 37474), -- 61060
(61060, 4, 3, 2930, -3914, 3358, 37474), -- 61060
(61060, 4, 2, 2998, -3975, 3352, 37474), -- 61060
(61060, 4, 1, 2767, -4091, 3330, 37474), -- 61060
(61060, 4, 0, 2657, -4127, 3344, 37474), -- 61060
(61060, 3, 4, 2467, -3902, 3337, 37474), -- 61060
(61060, 3, 3, 2790, -3875, 3304, 37474), -- 61060
(61060, 3, 2, 2945, -4090, 3351, 37474), -- 61060
(61060, 3, 1, 2928, -4175, 3350, 37474), -- 61060
(61060, 3, 0, 2612, -4175, 3361, 37474), -- 61060
(61060, 2, 8, 2484, -4166, 3394, 37474), -- 61060
(61060, 2, 7, 2446, -4012, 3376, 37474), -- 61060
(61060, 2, 6, 2439, -3973, 3355, 37474), -- 61060
(61060, 2, 5, 2522, -3761, 3291, 37474), -- 61060
(61060, 2, 4, 2557, -3727, 3288, 37474), -- 61060
(61060, 2, 3, 3040, -3982, 3362, 37474), -- 61060
(61060, 2, 2, 3005, -4147, 3360, 37474), -- 61060
(61060, 2, 1, 2926, -4179, 3351, 37474), -- 61060
(61060, 2, 0, 2539, -4205, 3402, 37474), -- 61060
(61060, 1, 11, 2651, -4143, 3345, 37474), -- 61060
(61060, 1, 10, 2546, -4117, 3369, 37474), -- 61060
(61060, 1, 9, 2515, -4088, 3362, 37474), -- 61060
(61060, 1, 8, 2484, -4058, 3360, 37474), -- 61060
(61060, 1, 7, 2448, -4010, 3374, 37474), -- 61060
(61060, 1, 6, 2470, -3901, 3337, 37474), -- 61060
(61060, 1, 5, 2522, -3757, 3291, 37474), -- 61060
(61060, 1, 4, 2602, -3776, 3284, 37474), -- 61060
(61060, 1, 3, 3036, -3981, 3361, 37474), -- 61060
(61060, 1, 2, 3047, -4002, 3362, 37474), -- 61060
(61060, 1, 1, 3049, -4007, 3362, 37474), -- 61060
(61060, 1, 0, 3004, -4150, 3360, 37474), -- 61060
(61060, 0, 0, 2480, -4177, 3394, 37474), -- 61060
(60443, 4, 0, 1805, -2596, 3394, 37474), -- 60443
(60443, 3, 0, 1804, -2596, 3394, 37474), -- 60443
(60443, 2, 0, -3323, -3766, 0, 37474), -- 60443
(60443, 1, 0, 1806, -2594, 3394, 37474), -- 60443
(60443, 0, 0, 1804, -2596, 3394, 37474), -- 60443
(62864, 1, 0, 4582, 6755, 0, 37474), -- 62864
(62864, 0, 0, 1811, -2526, 3384, 37474), -- 62864
(62785, 1, 0, 2649, -2559, 3304, 37474), -- 62785
(62785, 0, 0, 2776, -2805, 3299, 37474), -- 62785
(63166, 2, 0, 5156, 7436, 4783, 37474), -- 63166
(63166, 1, 6, 4950, 7435, 4732, 37474), -- 63166
(63166, 1, 5, 4942, 7487, 4732, 37474), -- 63166
(63166, 1, 4, 4934, 7570, 4732, 37474), -- 63166
(63166, 1, 3, 5130, 7708, 4735, 37474), -- 63166
(63166, 1, 2, 5165, 7672, 4737, 37474), -- 63166
(63166, 1, 1, 5058, 7405, 4750, 37474), -- 63166
(63166, 1, 0, 5005, 7395, 4739, 37474), -- 63166
(63166, 0, 0, 5156, 7436, 4783, 37474), -- 63166
(61075, 2, 0, 4582, 6723, 4846, 37474), -- 61075
(61075, 1, 6, 4327, 7713, 4925, 37474), -- 61075
(61075, 1, 5, 4281, 7737, 4928, 37474), -- 61075
(61075, 1, 4, 4218, 7804, 4950, 37474), -- 61075
(61075, 1, 3, 4362, 7991, 4958, 37474), -- 61075
(61075, 1, 2, 4462, 7871, 4905, 37474), -- 61075
(61075, 1, 1, 4542, 7714, 4874, 37474), -- 61075
(61075, 1, 0, 4366, 7699, 4915, 37474), -- 61075
(61075, 0, 0, 4582, 6723, 4846, 37474), -- 61075
(60646, 7, 0, 4582, 6723, 4846, 37474), -- 60646
(60646, 6, 0, 5015, 7203, 4760, 37474), -- 60646
(60646, 5, 0, 4529, 7570, 4806, 37474), -- 60646
(60646, 4, 11, 5366, 6331, 4775, 37474), -- 60646
(60646, 4, 10, 5312, 6386, 4775, 37474), -- 60646
(60646, 4, 9, 5027, 6730, 4775, 37474), -- 60646
(60646, 4, 8, 4983, 6812, 4775, 37474), -- 60646
(60646, 4, 7, 4973, 6922, 4775, 37474), -- 60646
(60646, 4, 6, 4994, 7190, 4775, 37474), -- 60646
(60646, 4, 5, 5137, 7212, 4775, 37474), -- 60646
(60646, 4, 4, 5224, 7190, 4775, 37474), -- 60646
(60646, 4, 3, 5284, 7135, 4775, 37474), -- 60646
(60646, 4, 2, 5437, 6758, 4775, 37474), -- 60646
(60646, 4, 1, 5520, 6266, 4775, 37474), -- 60646
(60646, 4, 0, 5476, 6238, 4775, 37474), -- 60646
(60646, 3, 11, 4869, 7250, 4775, 37474), -- 60646
(60646, 3, 10, 4863, 7255, 4775, 37474), -- 60646
(60646, 3, 9, 4726, 7370, 4775, 37474), -- 60646
(60646, 3, 8, 4710, 7392, 4775, 37474), -- 60646
(60646, 3, 7, 4726, 7397, 4775, 37474), -- 60646
(60646, 3, 6, 4836, 7387, 4775, 37474), -- 60646
(60646, 3, 5, 5044, 7244, 4775, 37474), -- 60646
(60646, 3, 4, 5049, 7212, 4775, 37474), -- 60646
(60646, 3, 3, 5049, 7190, 4775, 37474), -- 60646
(60646, 3, 2, 5016, 7179, 4775, 37474), -- 60646
(60646, 3, 1, 4983, 7179, 4775, 37474), -- 60646
(60646, 3, 0, 4962, 7179, 4775, 37474), -- 60646
(60646, 2, 11, 4595, 7436, 4775, 37474), -- 60646
(60646, 2, 10, 4579, 7452, 4775, 37474), -- 60646
(60646, 2, 9, 4436, 7693, 4775, 37474), -- 60646
(60646, 2, 8, 4415, 7731, 4775, 37474), -- 60646
(60646, 2, 7, 4398, 7775, 4775, 37474), -- 60646
(60646, 2, 6, 4398, 7797, 4775, 37474), -- 60646
(60646, 2, 5, 4431, 7802, 4775, 37474), -- 60646
(60646, 2, 4, 4579, 7671, 4775, 37474), -- 60646
(60646, 2, 3, 4612, 7633, 4775, 37474), -- 60646
(60646, 2, 2, 4721, 7452, 4775, 37474), -- 60646
(60646, 2, 1, 4721, 7403, 4775, 37474), -- 60646
(60646, 2, 0, 4683, 7387, 4775, 37474), -- 60646
(60646, 1, 11, 4360, 7747, 4775, 37474), -- 60646
(60646, 1, 10, 4322, 7769, 4775, 37474), -- 60646
(60646, 1, 9, 4283, 7802, 4775, 37474), -- 60646
(60646, 1, 8, 4261, 7830, 4775, 37474), -- 60646
(60646, 1, 7, 4125, 8021, 4775, 37474), -- 60646
(60646, 1, 6, 4125, 8070, 4775, 37474), -- 60646
(60646, 1, 5, 4147, 8087, 4775, 37474), -- 60646
(60646, 1, 4, 4174, 8070, 4775, 37474), -- 60646
(60646, 1, 3, 4196, 8054, 4775, 37474), -- 60646
(60646, 1, 2, 4409, 7819, 4775, 37474), -- 60646
(60646, 1, 1, 4415, 7769, 4775, 37474), -- 60646
(60646, 1, 0, 4382, 7742, 4775, 37474), -- 60646
(60646, 0, 0, 4582, 6723, 4846, 37474), -- 60646
(56119, 1, 0, 1211, -21, 0, 37474), -- 56119
(56119, 0, 0, 1200, -18, -329, 37474), -- 56119
(62285, 1, 0, -1865, 1429, 5267, 37474), -- 62285
(62285, 0, 0, -1865, 1429, 5267, 37474), -- 62285
(62288, 1, 0, -1865, 1429, 5267, 37474), -- 62288
(62288, 0, 0, -1865, 1429, 5267, 37474), -- 62288
(62635, 0, 0, -1727, 1180, 0, 37474), -- 62635
(60278, 2, 0, -1851, 6001, 4120, 37474), -- 60278
(60278, 1, 0, -1778, 6430, 4218, 37474), -- 60278
(60278, 0, 0, -1853, 5997, 4117, 37474), -- 60278
(60280, 2, 0, -1847, 5991, 4120, 37474), -- 60280
(60280, 1, 0, -1625, 6346, 4184, 37474), -- 60280
(60280, 0, 0, -1853, 5997, 4117, 37474), -- 60280
(60889, 0, 0, -3478, 6469, 4019, 37474), -- 60889
(58936, 2, 0, -3194, 6626, 4002, 37474), -- 58936
(58936, 1, 10, -3227, 6417, 4030, 37474), -- 58936
(58936, 1, 9, -3235, 6431, 4022, 37474), -- 58936
(58936, 1, 8, -3276, 6674, 3991, 37474), -- 58936
(58936, 1, 7, -3273, 6702, 3991, 37474), -- 58936
(58936, 1, 6, -3215, 6763, 3994, 37474), -- 58936
(58936, 1, 5, -3205, 6770, 3994, 37474), -- 58936
(58936, 1, 4, -3144, 6739, 3994, 37474), -- 58936
(58936, 1, 3, -2978, 6563, 4035, 37474), -- 58936
(58936, 1, 2, -3067, 6498, 4026, 37474), -- 58936
(58936, 1, 1, -3175, 6429, 4055, 37474), -- 58936
(58936, 1, 0, -3207, 6409, 4040, 37474), -- 58936
(58936, 0, 0, -3114, 6569, 4009, 37474), -- 58936
(60514, 4, 0, -2988, 6705, 4039, 37474), -- 60514
(60514, 3, 6, -2880, 6659, 4008, 37474), -- 60514
(60514, 3, 5, -3072, 6784, 3991, 37474), -- 60514
(60514, 3, 4, -3042, 6831, 4001, 37474), -- 60514
(60514, 3, 3, -2838, 6966, 4016, 37474), -- 60514
(60514, 3, 2, -2761, 6968, 4015, 37474), -- 60514
(60514, 3, 1, -2644, 6588, 4012, 37474), -- 60514
(60514, 3, 0, -2678, 6563, 4004, 37474), -- 60514
(60514, 2, 7, -2841, 6569, 4017, 37474), -- 60514
(60514, 2, 6, -3020, 6895, 4011, 37474), -- 60514
(60514, 2, 5, -3003, 6925, 4006, 37474), -- 60514
(60514, 2, 4, -2735, 6959, 4017, 37474), -- 60514
(60514, 2, 3, -2675, 6798, 4006, 37474), -- 60514
(60514, 2, 2, -2641, 6701, 4009, 37474), -- 60514
(60514, 2, 1, -2639, 6679, 4007, 37474), -- 60514
(60514, 2, 0, -2682, 6532, 3998, 37474), -- 60514
(60514, 1, 4, -2894, 6768, 3991, 37474), -- 60514
(60514, 1, 3, -2999, 6868, 4020, 37474), -- 60514
(60514, 1, 2, -2860, 6942, 4020, 37474), -- 60514
(60514, 1, 1, -2728, 6726, 3991, 37474), -- 60514
(60514, 1, 0, -2832, 6726, 3991, 37474), -- 60514
(60514, 0, 0, -2910, 6691, 4032, 37474), -- 60514
(59714, 5, 0, -3224, 6037, 4094, 37474), -- 59714
(59714, 4, 0, -3294, 6029, 4094, 37474), -- 59714
(59714, 3, 0, -2928, 6046, 4009, 37474), -- 59714
(59714, 2, 0, -2945, 6029, 4007, 37474), -- 59714
(59714, 1, 0, -3087, 5831, 3953, 37474), -- 59714
(59714, 0, 0, -2945, 6029, 4007, 37474), -- 59714
(59713, 3, 0, -2928, 6046, 4009, 37474), -- 59713
(59713, 2, 6, -2969, 5873, 3980, 37474), -- 59713
(59713, 2, 5, -2995, 5879, 3980, 37474), -- 59713
(59713, 2, 4, -2992, 5881, 3978, 37474), -- 59713
(59713, 2, 3, -2955, 5907, 3973, 37474), -- 59713
(59713, 2, 2, -2952, 5906, 3973, 37474), -- 59713
(59713, 2, 1, -2917, 5894, 3973, 37474), -- 59713
(59713, 2, 0, -2903, 5863, 3976, 37474), -- 59713
(59713, 1, 9, -2902, 5829, 3999, 37474); -- 59713

REPLACE INTO `quest_poi_points` (`QuestID`, `Idx1`, `Idx2`, `X`, `Y`, `Z`, `VerifiedBuild`) VALUES
(59713, 1, 8, -3072, 5847, 3998, 37474), -- 59713
(59713, 1, 7, -3050, 5881, 3991, 37474), -- 59713
(59713, 1, 6, -3013, 5927, 3990, 37474), -- 59713
(59713, 1, 5, -2985, 5926, 4003, 37474), -- 59713
(59713, 1, 4, -2909, 5879, 3973, 37474), -- 59713
(59713, 1, 3, -2889, 5865, 3976, 37474), -- 59713
(59713, 1, 2, -2885, 5861, 3976, 37474), -- 59713
(59713, 1, 1, -2883, 5857, 3976, 37474), -- 59713
(59713, 1, 0, -2885, 5828, 3983, 37474), -- 59713
(59713, 0, 0, -2928, 6046, 4009, 37474), -- 59713
(60277, 2, 0, -2940, 6093, 4008, 37474), -- 60277
(60277, 1, 0, -3095, 5868, 3984, 37474), -- 60277
(60277, 0, 0, -2955, 6109, 4004, 37474), -- 60277
(62371, 2, 0, -6760, 865, 5669, 37474), -- 62371
(62371, 1, 0, -7375, 2852, 5341, 37474), -- 62371
(62371, 0, 0, -6760, 865, 5669, 37474), -- 62371
(50599, 0, 0, 1026, -452, 10, 37474), -- 50599
(62969, 8, 0, -1934, 1382, 5269, 37474), -- 62969
(62969, 7, 0, 4628, 6673, 0, 37474), -- 62969
(62969, 6, 0, 1620, 2070, 0, 37474), -- 62969
(62969, 5, 0, 1646, 2065, 0, 37474), -- 62969
(62969, 4, 0, 1671, 2070, 0, 37474), -- 62969
(62969, 3, 0, 1708, 2106, 0, 37474), -- 62969
(62969, 2, 0, 1713, 2132, 0, 37474), -- 62969
(62969, 1, 0, 1708, 2158, 0, 37474), -- 62969
(62969, 0, 0, -1934, 1382, 5269, 37474), -- 62969
(61983, 2, 0, 1829, -2568, 0, 37474), -- 61983
(61983, 1, 0, 1830, -2568, 0, 37474), -- 61983
(61983, 0, 0, 1829, -2568, 0, 37474), -- 61983
(60112, 3, 0, 3128, -1377, 3172, 37474), -- 60112
(60112, 2, 11, 2708, -1364, 3255, 37474), -- 60112
(60112, 2, 10, 2696, -1345, 3257, 37474), -- 60112
(60112, 2, 9, 2661, -1157, 3208, 37474), -- 60112
(60112, 2, 8, 2763, -971, 3208, 37474), -- 60112
(60112, 2, 7, 2788, -941, 3208, 37474), -- 60112
(60112, 2, 6, 2891, -988, 3212, 37474), -- 60112
(60112, 2, 5, 3058, -1146, 3146, 37474), -- 60112
(60112, 2, 4, 3103, -1217, 3152, 37474), -- 60112
(60112, 2, 3, 3109, -1230, 3152, 37474), -- 60112
(60112, 2, 2, 3087, -1307, 3160, 37474), -- 60112
(60112, 2, 1, 3046, -1426, 3168, 37474), -- 60112
(60112, 2, 0, 3040, -1428, 3167, 37474), -- 60112
(60112, 1, 10, 2882, -1341, 3155, 37474), -- 60112
(60112, 1, 9, 2842, -1294, 3155, 37474), -- 60112
(60112, 1, 8, 2731, -1091, 3208, 37474), -- 60112
(60112, 1, 7, 2730, -1087, 3208, 37474), -- 60112
(60112, 1, 6, 2798, -1011, 3208, 37474), -- 60112
(60112, 1, 5, 2819, -996, 3208, 37474), -- 60112
(60112, 1, 4, 2975, -1083, 3165, 37474), -- 60112
(60112, 1, 3, 3067, -1156, 3149, 37474), -- 60112
(60112, 1, 2, 3081, -1252, 3151, 37474), -- 60112
(60112, 1, 1, 3055, -1326, 3155, 37474), -- 60112
(60112, 1, 0, 2913, -1371, 3152, 37474), -- 60112
(60112, 0, 0, 2922, -1071, 3164, 37474), -- 60112
(58665, 1, 0, 1779, -2549, 3198, 37474), -- 58665
(58665, 0, 0, 3017, -1009, 3198, 37474), -- 58665
(50605, 0, 0, 1035, -509, 14, 37474), -- 50605
(40519, 0, 0, -8495, 1079, 18, 37474); -- 40519

REPLACE INTO `quest_poi` (`QuestID`, `BlobIndex`, `Idx1`, `ObjectiveIndex`, `QuestObjectiveID`, `QuestObjectID`, `MapID`, `UiMapID`, `Priority`, `Flags`, `WorldEffectID`, `PlayerConditionID`, `NavigationPlayerConditionID`, `SpawnTrackingID`, `AlwaysAllowMergingBlobs`, `VerifiedBuild`) VALUES
(61867, 0, 1, 32, 0, 0, 2222, 1536, 0, 2, 0, 0, 0, 0, 0, 37474), -- 61867
(61867, 0, 0, 0, 406765, 173263, 2222, 1536, 0, 0, 0, 0, 0, 2014460, 0, 37474), -- 61867
(59836, 0, 2, 32, 0, 0, 2222, 1536, 0, 2, 0, 0, 0, 0, 0, 37474), -- 59836
(59836, 0, 1, 1, 397059, 166379, 2222, 1536, 0, 2, 0, 0, 0, 0, 0, 37474), -- 59836
(59836, 0, 0, 0, 397121, 166494, 2222, 1536, 0, 2, 0, 0, 0, 0, 0, 37474), -- 59836
(57650, 0, 4, 32, 0, 0, 2222, 1536, 0, 2, 0, 0, 0, 0, 0, 37474), -- 57650
(57650, 0, 3, 3, 394355, 161410, 2222, 1536, 0, 0, 0, 0, 0, 1869957, 0, 37474), -- 57650
(57650, 1, 2, 2, 396820, 165829, 2222, 1536, 0, 0, 0, 0, 0, 0, 0, 37474), -- 57650
(57650, 0, 1, 2, 396820, 165829, 2222, 1536, 0, 0, 0, 0, 0, 0, 0, 37474), -- 57650
(57650, 0, 0, 0, 392836, 161376, 2222, 1536, 0, 0, 0, 0, 0, 0, 0, 37474), -- 57650
(60429, 0, 2, 32, 0, 0, 2222, 1698, 0, 0, 0, 0, 0, 1944977, 0, 37474), -- 60429
(60429, 0, 1, 1, 398559, 169010, 2222, 1536, 0, 4154, 0, 0, 0, 0, 1, 37474), -- 60429
(60429, 0, 0, -1, 0, 0, 2222, 1698, 0, 0, 0, 0, 0, 1944977, 0, 37474), -- 60429
(60146, 0, 3, 32, 0, 0, 2222, 1670, 0, 0, 0, 0, 0, 1913694, 0, 37474), -- 60146
(60146, 1, 2, 31, 0, 0, 2222, 1543, 0, 2, 0, 87472, 0, 0, 0, 37474), -- 60146
(60146, 0, 1, 31, 0, 0, 2453, 1911, 0, 2, 0, 87471, 0, 0, 0, 37474), -- 60146
(60146, 0, 0, -1, 0, 0, 2222, 1670, 0, 0, 0, 0, 0, 1913694, 0, 37474), -- 60146
(61667, 0, 2, 32, 0, 0, 2222, 1536, 0, 2, 0, 0, 0, 0, 0, 37474), -- 61667
(61667, 0, 1, 31, 0, 0, 2222, 1536, 0, 2, 0, 0, 0, 0, 0, 37474), -- 61667
(61667, 0, 0, 2, 406454, 166437, 2222, 1536, 0, 0, 0, 0, 0, 1937006, 0, 37474), -- 61667
(60402, 1, 4, 32, 0, 0, 2222, 1698, 0, 2, 0, 0, 0, 0, 0, 37474), -- 60402
(60402, 0, 3, 32, 0, 0, 2222, 1698, 0, 0, 0, 0, 0, 1944976, 0, 37474), -- 60402
(60402, 0, 2, 0, 398434, 85372, 2222, 1565, 0, 4106, 0, 0, 0, 0, 0, 37474), -- 60402
(60402, 1, 1, -1, 0, 0, 2222, 1698, 0, 2, 0, 0, 0, 0, 0, 37474), -- 60402
(60402, 0, 0, -1, 0, 0, 2222, 1698, 0, 0, 0, 0, 0, 1944976, 0, 37474), -- 60402
(62605, 0, 0, -1, 0, 0, 2222, 1536, 0, 0, 0, 0, 0, 1939833, 0, 37474), -- 62605
(57245, 0, 2, 32, 0, 0, 2222, 1536, 0, 0, 0, 0, 0, 1826398, 0, 37474), -- 57245
(57245, 0, 1, 0, 391973, 157135, 2222, 1536, 0, 2, 0, 0, 0, 0, 0, 37474), -- 57245
(57245, 0, 0, -1, 0, 0, 2222, 1536, 0, 0, 0, 0, 0, 1826398, 0, 37474), -- 57245
(58668, 0, 2, 32, 0, 0, 2222, 1536, 0, 0, 0, 0, 0, 1877157, 0, 37474), -- 58668
(58668, 0, 1, 2, 394703, 18848, 2222, 1536, 0, 0, 0, 0, 0, 0, 0, 37474), -- 58668
(58668, 0, 0, -1, 0, 0, 2222, 1536, 0, 0, 0, 0, 0, 1877966, 0, 37474), -- 58668
(61060, 0, 6, 32, 0, 0, 2222, 1536, 0, 2, 0, 0, 0, 0, 0, 37474), -- 61060
(61060, 0, 5, 31, 0, 0, 2222, 1536, 0, 2, 0, 88558, 0, 0, 0, 37474), -- 61060
(61060, 0, 4, 5, 405212, 171368, 2222, 1536, 0, 0, 0, 0, 0, 0, 1, 37474), -- 61060
(61060, 0, 3, 4, 405210, 171348, 2222, 1536, 0, 0, 0, 0, 0, 0, 1, 37474), -- 61060
(61060, 0, 2, 3, 405175, 171140, 2222, 1536, 0, 0, 0, 0, 0, 0, 1, 37474), -- 61060
(61060, 0, 1, 2, 405174, 171318, 2222, 1536, 0, 0, 0, 0, 0, 0, 1, 37474), -- 61060
(61060, 0, 0, 0, 405156, 171115, 2222, 1536, 0, 2, 0, 0, 0, 1992478, 0, 37474), -- 61060
(60443, 1, 4, 32, 0, 0, 2222, 1536, 0, 0, 0, 0, 0, 1944923, 0, 37474), -- 60443
(60443, 0, 3, 32, 0, 0, 2222, 1698, 0, 2, 0, 0, 0, 0, 0, 37474), -- 60443
(60443, 0, 2, 0, 398525, 85434, 2222, 1533, 0, 82, 0, 0, 0, 0, 0, 37474), -- 60443
(60443, 1, 1, -1, 0, 0, 2222, 1698, 0, 2, 0, 0, 0, 0, 0, 37474), -- 60443
(60443, 0, 0, -1, 0, 0, 2222, 1698, 0, 0, 0, 0, 0, 1944923, 0, 37474), -- 60443
(62864, 0, 1, 0, 408875, 175227, 2222, 1543, 0, 2, 0, 0, 0, 0, 0, 37474), -- 62864
(62864, 0, 0, -1, 0, 0, 2222, 1536, 0, 0, 0, 0, 0, 1950939, 0, 37474), -- 62864
(62785, 0, 1, 32, 0, 0, 2222, 1536, 0, 0, 0, 0, 0, 1872374, 0, 37474), -- 62785
(62785, 0, 0, -1, 0, 0, 2222, 1536, 0, 0, 0, 0, 0, 1870693, 0, 37474), -- 62785
(63166, 0, 2, 32, 0, 0, 2222, 1543, 0, 0, 0, 0, 0, 2040317, 0, 37474), -- 63166
(63166, 0, 1, 0, 409177, 176025, 2222, 1543, 0, 0, 0, 0, 0, 0, 0, 37474), -- 63166
(63166, 0, 0, -1, 0, 0, 2222, 1543, 0, 0, 0, 0, 0, 2040317, 0, 37474), -- 63166
(61075, 0, 2, 32, 0, 0, 2222, 1543, 0, 0, 0, 0, 0, 1890492, 0, 37474), -- 61075
(61075, 0, 1, 0, 405172, 171179, 2222, 1543, 0, 0, 0, 0, 0, 0, 0, 37474), -- 61075
(61075, 0, 0, -1, 0, 0, 2222, 1543, 0, 0, 0, 0, 0, 1890492, 0, 37474), -- 61075
(60646, 0, 7, 32, 0, 0, 2222, 1543, 0, 0, 0, 0, 0, 1890492, 0, 37474), -- 60646
(60646, 0, 6, 2, 409228, 176181, 2222, 1543, 0, 0, 0, 0, 0, 2041290, 0, 37474), -- 60646
(60646, 0, 5, 1, 409227, 176180, 2222, 1543, 0, 0, 0, 0, 0, 2041288, 0, 37474), -- 60646
(60646, 3, 4, 0, 409224, 184614, 2222, 1543, 0, 2, 0, 0, 0, 0, 0, 37474), -- 60646
(60646, 2, 3, 0, 409224, 184614, 2222, 1543, 0, 2, 0, 0, 0, 0, 0, 37474), -- 60646
(60646, 1, 2, 0, 409224, 184614, 2222, 1543, 0, 2, 0, 0, 0, 0, 0, 37474), -- 60646
(60646, 0, 1, 0, 409224, 184614, 2222, 1543, 0, 2, 0, 0, 0, 0, 0, 37474), -- 60646
(60646, 0, 0, -1, 0, 0, 2222, 1543, 0, 0, 0, 0, 0, 1890492, 0, 37474), -- 60646
(56119, 0, 1, 32, 0, 0, 1718, 1355, 0, 2, 0, 0, 0, 0, 0, 37474), -- 56119
(56119, 0, 0, -1, 0, 0, 1718, 1355, 0, 0, 0, 0, 0, 1767633, 0, 37474), -- 56119
(62285, 0, 1, 32, 0, 0, 2222, 1670, 0, 0, 0, 0, 0, 2026887, 0, 37474), -- 62285
(62285, 0, 0, -1, 0, 0, 2222, 1670, 0, 0, 0, 0, 0, 2026887, 0, 37474), -- 62285
(62288, 0, 1, 32, 0, 0, 2222, 1670, 0, 0, 0, 0, 0, 2026887, 0, 37474), -- 62288
(62288, 0, 0, -1, 0, 0, 2222, 1670, 0, 0, 0, 0, 0, 2026887, 0, 37474), -- 62288
(62635, 0, 0, -1, 0, 0, 2222, 1670, 0, 2, 0, 0, 0, 0, 0, 37474), -- 62635
(60278, 0, 2, 32, 0, 0, 2222, 1525, 0, 0, 0, 0, 0, 1955690, 0, 37474), -- 60278
(60278, 0, 1, 0, 398094, 161647, 2222, 1525, 0, 0, 0, 0, 0, 1859434, 0, 37474), -- 60278
(60278, 0, 0, -1, 0, 0, 2222, 1525, 0, 0, 0, 0, 0, 1955689, 0, 37474), -- 60278
(60280, 0, 2, 32, 0, 0, 2222, 1525, 0, 0, 0, 0, 0, 1955691, 0, 37474), -- 60280
(60280, 0, 1, 0, 398093, 161620, 2222, 1525, 0, 0, 0, 0, 0, 1871850, 0, 37474), -- 60280
(60280, 0, 0, -1, 0, 0, 2222, 1525, 0, 0, 0, 0, 0, 1955689, 0, 37474), -- 60280
(60889, 0, 0, -1, 0, 0, 2222, 1525, 0, 0, 0, 0, 0, 1858207, 0, 37474), -- 60889
(58936, 0, 2, 32, 0, 0, 2222, 1525, 0, 0, 0, 0, 0, 1998095, 0, 37474), -- 58936
(58936, 0, 1, 0, 395164, 163037, 2222, 1525, 0, 0, 0, 0, 0, 0, 0, 37474), -- 58936
(58936, 0, 0, -1, 0, 0, 2222, 1525, 0, 0, 0, 0, 0, 1963951, 0, 37474), -- 58936
(60514, 0, 4, 32, 0, 0, 2222, 1525, 0, 0, 0, 0, 0, 1819858, 0, 37474), -- 60514
(60514, 0, 3, 2, 398419, 178997, 2222, 1525, 0, 0, 0, 0, 0, 0, 0, 37474), -- 60514
(60514, 0, 2, 1, 398418, 178996, 2222, 1525, 0, 0, 0, 0, 0, 0, 0, 37474), -- 60514
(60514, 0, 1, 0, 398417, 179316, 2222, 1525, 0, 0, 0, 0, 0, 0, 0, 37474), -- 60514
(60514, 0, 0, -1, 0, 0, 2222, 1525, 0, 0, 0, 0, 0, 1819858, 0, 37474), -- 60514
(59714, 3, 5, 32, 0, 0, 2222, 1525, 0, 0, 0, 0, 0, 1940831, 0, 37474), -- 59714
(59714, 2, 4, 32, 0, 0, 2222, 1525, 0, 0, 0, 0, 0, 1939537, 0, 37474), -- 59714
(59714, 1, 3, 32, 0, 0, 2222, 1525, 0, 0, 0, 0, 0, 1929413, 0, 37474), -- 59714
(59714, 0, 2, 32, 0, 0, 2222, 1525, 0, 0, 0, 0, 0, 1937271, 0, 37474), -- 59714
(59714, 0, 1, 0, 396878, 177765, 2222, 1525, 0, 0, 0, 0, 0, 1931805, 0, 37474), -- 59714
(59714, 0, 0, -1, 0, 0, 2222, 1525, 0, 0, 0, 0, 0, 1937271, 0, 37474), -- 59714
(59713, 0, 3, 32, 0, 0, 2222, 1525, 0, 0, 0, 0, 0, 1929413, 0, 37474), -- 59713
(59713, 0, 2, 1, 396862, 177714, 2222, 1525, 0, 0, 0, 0, 0, 0, 0, 37474), -- 59713
(59713, 0, 1, 0, 396861, 177713, 2222, 1525, 0, 0, 0, 0, 0, 0, 0, 37474), -- 59713
(59713, 0, 0, -1, 0, 0, 2222, 1525, 0, 0, 0, 0, 0, 1929413, 0, 37474), -- 59713
(60277, 0, 2, 32, 0, 0, 2222, 1525, 0, 0, 0, 0, 0, 1955687, 0, 37474), -- 60277
(60277, 0, 1, 0, 398105, 165706, 2222, 1525, 0, 0, 0, 0, 0, 1927777, 0, 37474), -- 60277
(60277, 0, 0, -1, 0, 0, 2222, 1525, 0, 0, 0, 0, 0, 1955680, 0, 37474), -- 60277
(62371, 0, 2, 32, 0, 0, 2222, 1565, 0, 0, 0, 0, 0, 1954605, 0, 37474), -- 62371
(62371, 0, 1, 0, 407668, 164517, 2290, 1669, 0, 0, 0, 0, 0, 1917480, 0, 37474), -- 62371
(62371, 0, 0, -1, 0, 0, 2222, 1565, 0, 0, 0, 0, 0, 1954605, 0, 37474), -- 62371
(50599, 0, 0, -1, 0, 0, 1643, 895, 0, 0, 0, 0, 0, 1483954, 0, 37474), -- 50599
(62969, 0, 8, 32, 0, 0, 2222, 1670, 0, 0, 0, 0, 0, 1913694, 0, 37474), -- 62969
(62969, 0, 7, 31, 0, 0, 2222, 1543, 0, 2, 0, 87472, 0, 0, 0, 37474), -- 62969
(62969, 5, 6, 0, 408976, 184242, 2453, 1911, 0, 2, 0, 87990, 0, 0, 0, 37474), -- 62969
(62969, 4, 5, 0, 408976, 184242, 2453, 1911, 0, 2, 0, 87989, 0, 0, 0, 37474), -- 62969
(62969, 3, 4, 0, 408976, 184242, 2453, 1911, 0, 2, 0, 87988, 0, 0, 0, 37474), -- 62969
(62969, 2, 3, 0, 408976, 184242, 2453, 1911, 0, 2, 0, 89830, 0, 0, 0, 37474), -- 62969
(62969, 1, 2, 0, 408976, 184242, 2453, 1911, 0, 2, 0, 89829, 0, 0, 0, 37474), -- 62969
(62969, 0, 1, 0, 408976, 184242, 2453, 1911, 0, 2, 0, 89828, 0, 0, 0, 37474), -- 62969
(62969, 0, 0, -1, 0, 0, 2222, 1670, 0, 0, 0, 0, 0, 1913694, 0, 37474), -- 62969
(61983, 0, 2, 32, 0, 0, 2222, 1698, 0, 2, 0, 0, 0, 0, 0, 37474), -- 61983
(61983, 0, 1, 0, 406976, 88736, 2222, 1698, 0, 2, 0, 0, 0, 0, 0, 37474), -- 61983
(61983, 0, 0, -1, 0, 0, 2222, 1698, 0, 2, 0, 0, 0, 0, 0, 37474), -- 61983
(60112, 0, 3, 32, 0, 0, 2222, 1536, 0, 0, 0, 0, 0, 2008850, 0, 37474), -- 60112
(60112, 0, 2, 1, 406432, 157096, 2222, 1536, 0, 0, 0, 0, 0, 0, 0, 37474), -- 60112
(60112, 0, 1, 0, 397628, 161928, 2222, 1536, 0, 0, 0, 0, 0, 0, 0, 37474), -- 60112
(60112, 0, 0, -1, 0, 0, 2222, 1536, 0, 0, 0, 0, 0, 2008972, 0, 37474), -- 60112
(58665, 0, 1, 32, 0, 0, 2222, 1536, 0, 2, 0, 0, 0, 1876954, 0, 37474), -- 58665
(58665, 0, 0, -1, 0, 0, 2222, 1536, 0, 2, 0, 0, 0, 1877157, 0, 37474), -- 58665
(50605, 0, 0, -1, 0, 0, 1643, 895, 0, 0, 0, 0, 0, 1480285, 0, 37474), -- 50605
(40519, 0, 0, -1, 0, 0, 0, 84, 0, 0, 0, 0, 0, 1173160, 0, 37474); -- 40519

REPLACE INTO `spell_areatrigger` (`SpellMiscId`, `AreaTriggerId`, `MoveCurveId`, `ScaleCurveId`, `MorphCurveId`, `FacingCurveId`, `AnimId`, `AnimKitId`, `DecalPropertiesId`, `TimeToTarget`, `TimeToTargetScale`, `VerifiedBuild`) VALUES
(6917, 11420, 0, 0, 0, 0, 0, 0, 0, 0, 8000, 37474), -- SpellId : 196770
(8430, 6197, 0, 0, 0, 0, 0, 0, 70, 0, 1000, 37474), -- SpellId : 279306
(14881, 19538, 0, 0, 0, 0, 0, 0, 0, 1539, 10000, 37474), -- SpellId : 279302
(21238, 25527, 0, 0, 0, 0, 0, 0, 0, 0, 8000, 37474), -- SpellId : 336451
(19471, 23453, 0, 0, 0, 0, 0, 0, 0, 0, 0, 37474), -- SpellId : 320709
(19481, 23463, 0, 0, 0, 0, 0, 0, 0, 0, 0, 37474), -- SpellId : 319935
(20144, 24072, 0, 0, 17394, 0, 0, 0, 351, 35057, 12500, 37474), -- SpellId : 326000
(20531, 24417, 0, 0, 0, 0, 0, 0, 0, 0, 0, 37474), -- SpellId : 325854
(19374, 23366, 0, 0, 0, 0, 0, 0, 31, 0, 8000, 37474), -- SpellId : 319921
(20941, 25284, 0, 0, 0, 0, 0, 0, 0, 0, 12000, 37474), -- SpellId : 333613
(22057, 26224, 0, 0, 0, 0, 0, 0, 219, 0, 15000, 37474), -- SpellId : 345408
(19869, 23826, 0, 0, 0, 0, 0, 0, 31, 0, 20000, 37474), -- SpellId : 324218
(19866, 23823, 0, 0, 0, 0, 0, 0, 209, 0, 30000, 37474), -- SpellId : 324209
(304, 2947, 0, 0, 0, 0, 0, 0, 0, 0, 12000, 37474), -- SpellId : 342130
(5977, 10665, 0, 0, 0, 0, 0, 0, 0, 0, 20000, 37474), -- SpellId : 204255
(6039, 10727, 0, 0, 0, 0, 0, 0, 0, 0, 2000, 37474), -- SpellId : 204596
(4488, 9228, 0, 0, 0, 0, 0, 0, 0, 0, 12000, 37474), -- SpellId : 26573
(19775, 23736, 0, 0, 0, 0, 0, 0, 219, 0, 30000, 37474), -- SpellId : 323799
(20991, 25319, 0, 18932, 0, 0, 0, 0, 0, 0, 120000, 37474), -- SpellId : 334007
(20456, 24351, 0, 0, 0, 0, 0, 0, 0, 0, 20000, 37474), -- SpellId : 328913
(4485, 9225, 0, 0, 0, 0, 0, 0, 0, 0, 10000, 37474), -- SpellId : 43265
(1193, 5070, 0, 0, 0, 0, 0, 0, 0, 0, 10000, 37474), -- SpellId : 51052
(18264, 22375, 0, 0, 0, 0, 0, 0, 0, 0, 2000, 37474), -- SpellId : 306830
(383, 3319, 0, 0, 0, 0, 0, 0, 0, 0, 30000, 37474); -- SpellId : 117032

ALTER TABLE `areatrigger_template`
	CHANGE COLUMN `IsServerSide` `IsServerSide` TINYINT(1) UNSIGNED NOT NULL DEFAULT '0' AFTER `Id`;


REPLACE INTO `areatrigger_template` (`Id`, `Type`, `Flags`, `Data0`, `Data1`, `Data2`, `Data3`, `Data4`, `Data5`, `VerifiedBuild`) VALUES
(6197, 0, 0, 4, 4, 0, 0, 0, 0, 37474),
(24072, 0, 66, 3, 20, 0, 0, 0, 0, 37474),
(24417, 4, 4, 3, 3, 10, 10, 0, 0, 37474),
(26224, 0, 0, 4, 4, 0, 0, 0, 0, 37474),
(23826, 0, 0, 3, 3, 0, 0, 0, 0, 37474),
(10665, 0, 0, 6, 6, 0, 0, 0, 0, 37474),
(24351, 0, 0, 2, 2, 0, 0, 0, 0, 37474),
(9225, 0, 0, 8, 8, 0, 0, 0, 0, 37474),
(23463, 0, 4, 5, 5, 0, 0, 0, 0, 37474),
(11420, 0, 4, 8, 8, 0, 0, 0, 0, 37474),
(10727, 0, 0, 8, 8, 0, 0, 0, 0, 37474),
(19538, 1, 0, 4, 4, 7.5, 4, 4, 7.5, 37474),
(25319, 0, 6, 10, 10, 0, 0, 0, 0, 37474),
(23453, 0, 4, 10, 10, 0, 0, 0, 0, 37474),
(23823, 0, 0, 3, 3, 0, 0, 0, 0, 37474),
(2947, 0, 0, 8, 8, 0, 0, 0, 0, 37474),
(23736, 0, 0, 8, 8, 0, 0, 0, 0, 37474),
(23366, 0, 0, 6, 6, 0, 0, 0, 0, 37474),
(9228, 0, 0, 8, 8, 0, 0, 0, 0, 37474),
(22375, 0, 0, 8, 8, 0, 0, 0, 0, 37474),
(3319, 0, 0, 3, 3, 0, 0, 0, 0, 37474),
(25527, 0, 4, 8, 8, 0, 0, 0, 0, 37474),
(25284, 0, 0, 6, 6, 0, 0, 0, 0, 37474),
(5070, 0, 0, 6.5, 6.5, 0, 0, 0, 0, 37474);